date,temp_avg,hum_avg,rainfall,sunshine,wind_velo
1981-01-04,104.3,352.0,102.2,32.0,6.0
1981-01-11,185.5,572.0,72.1,56.0,32.0
1981-01-18,182.1,575.0,22.5,56.0,37.0
1981-01-25,184.8,569.0,153.4,56.0,26.0
1981-02-01,184.2,568.0,153.3,56.0,32.0
1981-02-08,182.0,595.0,102.8,56.0,29.0
1981-02-15,187.5,564.0,132.4,56.0,22.0
1981-02-22,190.9,560.0,86.9,56.0,21.0
1981-03-01,181.1,620.0,243.8,56.0,16.0
1981-03-08,188.2,581.0,78.4,56.0,13.0
1981-03-15,193.7,549.0,76.3,56.0,12.0
1981-03-22,199.9,520.0,13.0,56.0,22.0
1981-03-29,194.2,573.0,128.6,56.0,14.0
1981-04-05,193.8,580.0,64.5,56.0,17.0
1981-04-12,194.8,558.0,98.0,56.0,15.0
1981-04-19,191.6,552.0,51.5,56.0,14.0
1981-04-26,192.8,581.0,136.5,56.0,15.0
1981-05-03,191.6,575.0,91.0,56.0,15.0
1981-05-10,190.2,599.0,147.5,56.0,20.0
1981-05-17,194.3,577.0,33.8,56.0,20.0
1981-05-24,191.1,523.0,0.0,56.0,19.0
1981-05-31,193.4,528.0,0.0,56.0,18.0
1981-06-07,197.7,514.0,0.0,56.0,15.0
1981-06-14,195.7,517.0,31.599999999999998,56.0,21.0
1981-06-21,192.2,542.0,53.2,56.0,19.0
1981-06-28,189.2,583.0,81.6,56.0,14.0
1981-07-05,189.5,539.0,0.0,56.0,14.0
1981-07-12,187.7,568.0,26.699999999999996,56.0,12.0
1981-07-19,188.1,550.0,9.1,56.0,18.0
1981-07-26,188.4,512.0,0.0,56.0,12.0
1981-08-02,187.9,518.0,6.0,56.0,14.0
1981-08-09,186.8,508.0,0.0,56.0,19.0
1981-08-16,185.1,493.0,0.0,56.0,21.0
1981-08-23,193.4,505.0,0.0,56.0,23.0
1981-08-30,191.7,492.0,0.0,56.0,25.0
1981-09-06,192.3,491.0,0.0,56.0,22.0
1981-09-13,195.4,494.0,0.0,56.0,28.0
1981-09-20,197.2,483.0,0.0,56.0,28.0
1981-09-27,190.5,532.0,7.6,56.0,25.0
1981-10-04,195.2,549.0,12.2,56.0,20.0
1981-10-11,198.9,489.0,0.0,56.0,22.0
1981-10-18,200.8,476.0,0.0,56.0,23.0
1981-10-25,201.4,469.0,1.0,56.0,22.0
1981-11-01,207.9,470.0,13.0,56.0,24.0
1981-11-08,205.0,483.0,0.0,56.0,20.0
1981-11-15,191.8,577.0,55.3,56.0,15.0
1981-11-22,197.3,543.0,24.5,56.0,19.0
1981-11-29,187.0,595.0,61.9,56.0,15.0
1981-12-06,187.3,585.0,25.3,56.0,20.0
1981-12-13,189.6,578.0,129.1,56.0,19.0
1981-12-20,188.4,589.0,145.3,56.0,20.0
1981-12-27,194.6,560.0,81.3,56.0,23.0
1982-01-03,189.6,592.0,60.8,56.0,19.0
1982-01-10,185.7,601.0,96.19999999999999,56.0,28.0
1982-01-17,182.1,607.0,135.5,56.0,38.0
1982-01-24,184.0,578.0,87.2,56.0,33.0
1982-01-31,188.9,553.0,87.1,56.0,32.0
1982-02-07,183.3,604.0,274.5,36.2,25.0
1982-02-14,182.6,603.0,141.9,30.0,29.0
1982-02-21,187.6,568.0,67.0,37.2,31.0
1982-02-28,189.0,589.0,96.4,33.0,28.0
1982-03-07,184.79999999999998,596.0,105.2,32.0,27.0
1982-03-14,182.4,618.0,109.19999999999999,28.7,27.0
1982-03-21,192.2,560.0,121.8,42.3,29.0
1982-03-28,189.6,557.0,23.000000000000004,41.4,27.0
1982-04-04,193.1,556.0,0.5,43.1,25.0
1982-04-11,189.4,577.0,79.9,34.7,22.0
1982-04-18,190.8,567.0,72.3,43.1,30.0
1982-04-25,197.1,552.0,120.1,45.0,26.0
1982-05-02,192.7,566.0,7.9,48.5,26.0
1982-05-09,190.6,536.0,20.0,53.6,17.0
1982-05-16,184.6,505.0,0.0,56.0,21.0
1982-05-23,188.7,533.0,34.0,52.7,27.0
1982-05-30,193.9,537.0,0.0,51.1,22.0
1982-06-06,191.8,547.0,1.4,41.3,26.0
1982-06-13,185.5,535.0,1.8,53.1,24.0
1982-06-20,184.8,509.0,0.0,55.8,25.0
1982-06-27,181.5,515.0,2.3,55.4,29.0
1982-07-04,185.0,533.0,0.0,56.0,33.0
1982-07-11,174.2,513.0,0.0,56.0,33.0
1982-07-18,183.2,514.0,0.9,53.4,32.0
1982-07-25,184.70000000000002,537.0,0.0,49.4,30.0
1982-08-01,178.6,512.0,0.0,54.5,31.0
1982-08-08,180.9,529.0,0.0,54.4,35.0
1982-08-15,179.6,510.0,0.0,55.8,30.0
1982-08-22,177.2,485.0,0.0,56.0,31.0
1982-08-29,177.0,495.0,0.0,56.0,33.0
1982-09-05,177.7,474.0,0.0,54.3,36.0
1982-09-12,181.0,463.0,0.0,55.5,30.0
1982-09-19,187.1,477.0,0.0,54.0,33.0
1982-09-26,189.6,457.0,0.0,56.0,35.0
1982-10-03,189.5,456.0,0.0,56.0,29.0
1982-10-10,191.9,464.0,0.0,55.5,32.0
1982-10-17,196.0,440.0,0.0,53.2,32.0
1982-10-24,194.8,466.0,0.0,55.1,31.0
1982-10-31,197.8,460.0,0.0,54.5,37.0
1982-11-07,203.6,434.0,0.0,55.1,34.0
1982-11-14,209.5,433.0,0.0,54.2,29.0
1982-11-21,206.9,433.0,0.0,53.8,28.0
1982-11-28,210.1,453.0,0.0,55.199999999999996,38.0
1982-12-05,204.1,483.0,44.3,48.4,27.0
1982-12-12,203.2,504.0,5.5,38.0,25.0
1982-12-19,206.4,482.0,1.2,45.9,27.0
1982-12-26,200.9,544.0,133.3,33.9,26.0
1983-01-02,190.0,590.0,59.10000000000001,25.5,23.0
1983-01-09,191.4,575.0,25.799999999999997,22.8,30.0
1983-01-16,191.70000000000002,597.0,90.9,38.2,23.0
1983-01-23,198.7,567.0,54.3,41.6,24.0
1983-01-30,202.2,537.0,4.0,47.9,23.0
1983-02-06,190.8,611.0,91.69999999999999,26.1,22.0
1983-02-13,191.70000000000002,607.0,100.4,29.799999999999997,24.0
1983-02-20,198.5,586.0,74.6,44.7,24.0
1983-02-27,191.7,598.0,122.8,28.2,24.0
1983-03-06,193.3,604.0,101.9,37.6,23.0
1983-03-13,195.7,583.0,116.8,38.3,23.0
1983-03-20,199.1,580.0,81.10000000000001,42.4,22.0
1983-03-27,194.1,602.0,94.80000000000001,32.1,24.0
1983-04-03,197.2,585.0,30.4,47.3,23.0
1983-04-10,193.5,596.0,53.4,41.2,23.0
1983-04-17,197.8,601.0,82.1,28.8,25.0
1983-04-24,195.3,603.0,86.2,5.699999999999999,19.0
1983-05-01,195.1,594.0,58.900000000000006,32.5,21.0
1983-05-08,189.4,618.0,129.0,25.4,23.0
1983-05-15,197.8,581.0,49.1,40.9,25.0
1983-05-22,197.1,590.0,83.6,37.8,25.0
1983-05-29,187.3,622.0,144.8,17.7,23.0
1983-06-05,196.5,562.0,0.0,54.6,25.0
1983-06-12,189.4,569.0,30.3,43.3,26.0
1983-06-19,189.4,552.0,0.0,55.8,24.0
1983-06-26,182.3,548.0,0.0,53.8,26.0
1983-07-03,183.9,555.0,0.0,49.3,25.0
1983-07-10,178.1,535.0,0.0,56.0,29.0
1983-07-17,178.2,535.0,0.0,55.5,27.0
1983-07-24,185.3,541.0,0.0,51.1,28.0
1983-07-31,177.5,527.0,0.0,55.0,28.0
1983-08-07,180.5,526.0,0.0,56.0,33.0
1983-08-14,179.5,527.0,0.0,56.0,33.0
1983-08-21,184.9,517.0,0.0,56.0,31.0
1983-08-28,187.9,514.0,0.0,56.0,33.0
1983-09-04,190.5,507.0,0.0,53.7,33.0
1983-09-11,186.9,502.0,0.0,56.0,30.0
1983-09-18,191.8,476.0,0.0,53.0,31.0
1983-09-25,194.5,463.0,0.0,55.4,34.0
1983-10-02,200.0,474.0,0.0,56.0,31.0
1983-10-09,202.1,475.0,0.0,50.1,27.0
1983-10-16,201.6,499.0,7.0,51.5,32.0
1983-10-23,205.8,494.0,4.4,42.1,31.0
1983-10-30,195.7,541.0,10.7,32.2,28.0
1983-11-06,203.3,485.0,21.5,48.2,24.0
1983-11-13,204.1,516.0,2.5,42.699999999999996,26.0
1983-11-20,198.3,536.0,32.1,38.5,25.0
1983-11-27,187.5,568.0,113.3,13.700000000000001,29.0
1983-12-04,190.7,551.0,45.1,31.7,30.0
1983-12-11,193.6,555.0,37.9,35.3,25.0
1983-12-18,198.4,526.0,90.1,47.8,25.0
1983-12-25,199.0,554.0,15.4,42.0,22.0
1984-01-01,187.1,580.0,20.5,16.6,25.0
1984-01-08,185.4,594.0,47.699999999999996,18.2,27.0
1984-01-15,187.1,584.0,128.5,28.9,21.0
1984-01-22,187.6,590.0,133.2,28.8,26.0
1984-01-29,184.0,600.0,218.60000000000002,21.4,26.0
1984-02-05,184.0,607.0,137.6,15.7,28.0
1984-02-12,185.5,607.0,67.4,24.7,21.0
1984-02-19,184.0,594.0,177.8,29.7,31.0
1984-02-26,184.1,597.0,77.5,25.3,30.0
1984-03-04,189.2,594.0,96.0,34.4,26.0
1984-03-11,186.1,606.0,88.4,9.1,22.0
1984-03-18,189.4,585.0,28.1,30.5,24.0
1984-03-25,187.0,598.0,112.0,37.2,22.0
1984-04-01,194.3,579.0,77.2,38.1,22.0
1984-04-08,189.7,592.0,40.5,31.2,24.0
1984-04-15,191.5,602.0,74.69999999999999,33.3,23.0
1984-04-22,193.1,575.0,22.5,26.6,23.0
1984-04-29,193.8,577.0,17.0,35.9,31.0
1984-05-06,192.1,592.0,76.4,30.9,26.0
1984-05-13,192.4,585.0,19.2,33.6,23.0
1984-05-20,194.4,588.0,62.3,37.6,28.0
1984-05-27,193.5,544.0,1.4,54.5,29.0
1984-06-03,192.4,556.0,0.0,49.6,28.0
1984-06-10,188.3,567.0,34.2,40.9,26.0
1984-06-17,187.7,548.0,10.0,52.6,26.0
1984-06-24,180.4,541.0,0.0,55.6,25.0
1984-07-01,180.1,543.0,12.7,42.8,32.0
1984-07-08,189.6,552.0,2.4,55.8,38.0
1984-07-15,181.8,547.0,0.0,55.8,27.0
1984-07-22,186.3,546.0,0.0,50.1,26.0
1984-07-29,185.6,550.0,29.799999999999997,51.7,34.0
1984-08-05,183.1,531.0,0.0,54.4,30.0
1984-08-12,181.4,528.0,0.0,55.3,28.0
1984-08-19,188.5,526.0,0.0,56.0,34.0
1984-08-26,190.5,517.0,0.0,52.5,33.0
1984-09-02,192.0,521.0,0.0,52.1,30.0
1984-09-09,190.4,554.0,10.5,40.3,28.0
1984-09-16,184.6,581.0,11.8,21.9,23.0
1984-09-23,191.2,524.0,3.6,46.3,30.0
1984-09-30,196.5,516.0,0.0,50.5,32.0
1984-10-07,194.6,551.0,40.8,37.8,22.0
1984-10-14,197.0,522.0,44.8,45.2,28.0
1984-10-21,199.7,518.0,35.7,50.699999999999996,26.0
1984-10-28,202.4,470.0,0.0,49.6,29.0
1984-11-04,202.9,475.0,9.2,52.6,28.0
1984-11-11,205.3,492.0,4.2,51.3,29.0
1984-11-18,201.0,518.0,3.1999999999999997,37.1,25.0
1984-11-25,199.1,536.0,48.900000000000006,36.2,24.0
1984-12-02,196.4,553.0,9.2,38.4,26.0
1984-12-09,195.2,555.0,95.6,35.0,24.0
1984-12-16,187.7,571.0,17.7,11.4,29.0
1984-12-23,187.9,571.0,81.5,14.1,22.0
1984-12-30,188.4,575.0,85.4,29.8,24.0
1985-01-06,196.7,547.0,12.299999999999999,43.2,22.0
1985-01-13,193.3,578.0,19.6,36.0,22.0
1985-01-20,186.5,587.0,169.4,37.6,26.0
1985-01-27,189.7,582.0,114.7,41.9,24.0
1985-02-03,191.5,592.0,116.60000000000001,31.0,21.0
1985-02-10,195.4,593.0,62.6,36.6,21.0
1985-02-17,188.2,587.0,65.9,17.2,24.0
1985-02-24,185.3,602.0,73.2,10.8,29.0
1985-03-03,190.2,595.0,22.6,28.400000000000002,25.0
1985-03-10,187.0,587.0,127.5,29.6,26.0
1985-03-17,191.1,589.0,200.5,36.5,23.0
1985-03-24,197.1,565.0,16.9,50.8,23.0
1985-03-31,195.0,573.0,82.7,46.1,22.0
1985-04-07,191.9,579.0,13.9,41.0,24.0
1985-04-14,195.3,571.0,65.3,32.3,28.0
1985-04-21,193.9,577.0,0.7,24.5,25.0
1985-04-28,191.8,588.0,49.6,33.7,24.0
1985-05-05,193.3,546.0,0.2,55.4,24.0
1985-05-12,193.29999999999998,573.0,52.300000000000004,44.1,25.0
1985-05-19,193.1,562.0,0.7,40.3,25.0
1985-05-26,192.6,550.0,0.0,49.1,25.0
1985-06-02,191.5,595.0,12.799999999999999,38.8,26.0
1985-06-09,189.9,582.0,27.8,43.4,23.0
1985-06-16,184.6,558.0,15.0,48.6,23.0
1985-06-23,188.7,557.0,0.4,52.4,29.0
1985-06-30,188.3,556.0,6.3,52.8,27.0
1985-07-07,181.7,561.0,92.4,50.8,26.0
1985-07-14,181.5,566.0,26.4,47.8,30.0
1985-07-21,183.3,548.0,0.0,55.3,31.0
1985-07-28,183.8,545.0,8.6,53.0,29.0
1985-08-04,186.8,555.0,56.8,52.2,30.0
1985-08-11,181.0,523.0,0.0,55.6,32.0
1985-08-18,187.1,518.0,0.0,56.0,36.0
1985-08-25,186.0,523.0,0.0,55.0,31.0
1985-09-01,189.6,521.0,7.2,54.0,29.0
1985-09-08,188.5,526.0,0.0,55.2,32.0
1985-09-15,188.2,511.0,0.0,51.7,30.0
1985-09-22,192.6,491.0,0.0,51.2,28.0
1985-09-29,196.6,494.0,0.0,50.4,30.0
1985-10-06,194.1,490.0,0.0,53.8,30.0
1985-10-13,199.9,452.0,0.0,54.0,26.0
1985-10-20,202.6,471.0,17.9,53.7,30.0
1985-10-27,199.2,536.0,48.8,45.0,25.0
1985-11-03,205.0,503.0,17.2,45.9,26.0
1985-11-10,207.3,485.0,0.0,54.2,24.0
1985-11-17,205.5,482.0,2.7,43.8,25.0
1985-11-24,194.4,558.0,101.7,33.6,24.0
1985-12-01,189.6,584.0,48.5,20.7,27.0
1985-12-08,188.7,580.0,83.2,32.4,22.0
1985-12-15,200.9,523.0,12.299999999999999,42.8,25.0
1985-12-22,196.9,539.0,80.0,31.9,21.0
1985-12-29,188.4,587.0,80.4,16.8,24.0
1986-01-05,189.2,600.0,89.4,26.299999999999997,23.0
1986-01-12,187.6,584.0,132.1,13.7,28.0
1986-01-19,189.4,564.0,37.5,11.0,45.0
1986-01-26,187.4,561.0,37.1,17.8,42.0
1986-02-02,186.5,597.0,187.5,30.3,23.0
1986-02-09,189.9,576.0,31.400000000000002,44.6,23.0
1986-02-16,182.5,592.0,105.0,21.9,30.0
1986-02-23,188.2,570.0,34.800000000000004,33.8,33.0
1986-03-02,185.9,596.0,136.1,28.9,24.0
1986-03-09,188.4,580.0,69.8,27.7,23.0
1986-03-16,194.9,570.0,10.7,38.3,22.0
1986-03-23,192.1,572.0,23.3,34.6,22.0
1986-03-30,182.9,627.0,183.0,14.2,23.0
1986-04-06,188.6,604.0,182.1,30.3,22.0
1986-04-13,195.1,564.0,0.8,40.8,25.0
1986-04-20,192.4,575.0,43.4,40.8,23.0
1986-04-27,200.1,556.0,17.0,50.4,29.0
1986-05-04,191.8,522.0,0.0,56.0,24.0
1986-05-11,196.7,556.0,20.8,49.1,22.0
1986-05-18,192.1,561.0,123.80000000000001,50.6,27.0
1986-05-25,195.4,534.0,0.0,51.7,35.0
1986-06-01,195.7,536.0,0.0,53.7,31.0
1986-06-08,187.70000000000002,585.0,96.9,30.1,32.0
1986-06-15,191.8,579.0,37.2,40.4,24.0
1986-06-22,188.8,591.0,10.2,39.2,23.0
1986-06-29,188.0,594.0,176.70000000000002,43.3,25.0
1986-07-06,179.0,521.0,19.6,54.7,25.0
1986-07-13,185.6,552.0,1.1,48.5,25.0
1986-07-20,187.8,543.0,0.0,55.2,29.0
1986-07-27,187.5,547.0,0.3,53.0,27.0
1986-08-03,182.7,530.0,59.4,37.3,25.0
1986-08-10,183.0,528.0,0.0,50.2,32.0
1986-08-17,177.7,493.0,0.0,51.6,25.0
1986-08-24,179.2,522.0,0.0,56.0,31.0
1986-08-31,185.7,525.0,0.0,56.0,36.0
1986-09-07,187.0,516.0,0.0,56.0,35.0
1986-09-14,192.7,476.0,0.0,55.0,29.0
1986-09-21,190.6,525.0,0.0,38.7,27.0
1986-09-28,194.6,511.0,0.0,52.3,33.0
1986-10-05,195.5,488.0,0.0,54.0,28.0
1986-10-12,195.3,530.0,42.1,36.9,23.0
1986-10-19,200.8,486.0,0.0,53.4,30.0
1986-10-26,199.0,489.0,0.0,40.3,28.0
1986-11-02,202.9,498.0,0.2,45.0,27.0
1986-11-09,195.7,484.0,0.0,28.6,25.0
1986-11-16,201.1,500.0,0.6,36.5,23.0
1986-11-23,199.9,509.0,2.6,39.5,21.0
1986-11-30,193.7,556.0,96.9,32.9,23.0
1986-12-07,203.1,493.0,0.0,50.6,26.0
1986-12-14,196.8,551.0,57.0,34.0,25.0
1986-12-21,198.8,532.0,11.8,45.0,22.0
1986-12-28,198.4,546.0,13.8,42.0,26.0
1987-01-04,194.7,562.0,98.10000000000001,38.2,26.0
1987-01-11,189.4,575.0,146.9,28.8,25.0
1987-01-18,191.2,567.0,89.0,26.4,31.0
1987-01-25,189.5,594.0,75.8,23.7,25.0
1987-02-01,183.0,597.0,95.0,14.600000000000001,28.0
1987-02-08,191.1,560.0,43.2,44.7,36.0
1987-02-15,184.3,606.0,50.1,28.7,23.0
1987-02-22,183.2,606.0,223.5,32.5,23.0
1987-03-01,190.3,575.0,145.4,40.7,30.0
1987-03-08,191.2,579.0,30.099999999999998,31.5,24.0
1987-03-15,199.5,551.0,59.0,38.2,27.0
1987-03-22,194.1,562.0,3.7,36.3,24.0
1987-03-29,196.4,564.0,28.1,40.4,30.0
1987-04-05,199.7,542.0,26.7,52.5,29.0
1987-04-12,200.0,542.0,57.400000000000006,48.3,27.0
1987-04-19,195.5,567.0,70.7,47.9,29.0
1987-04-26,199.0,562.0,109.39999999999999,42.0,34.0
1987-05-03,200.0,548.0,21.7,52.3,30.0
1987-05-10,194.9,554.0,105.4,32.7,24.0
1987-05-17,191.8,557.0,18.7,51.6,28.0
1987-05-24,196.5,532.0,2.0,55.4,36.0
1987-05-31,195.6,549.0,0.2,50.4,33.0
1987-06-07,202.0,548.0,4.9,34.0,37.0
1987-06-14,191.7,535.0,39.4,56.0,34.0
1987-06-21,188.6,544.0,9.8,55.2,33.0
1987-06-28,187.4,538.0,0.0,51.0,27.0
1987-07-05,189.2,549.0,0.0,54.9,34.0
1987-07-12,185.2,506.0,0.0,53.6,25.0
1987-07-19,190.8,507.0,0.0,47.6,30.0
1987-07-26,188.0,531.0,0.0,56.0,32.0
1987-08-02,188.2,518.0,0.0,54.7,29.0
1987-08-09,184.9,498.0,0.0,56.0,29.0
1987-08-16,180.9,473.0,0.0,56.0,29.0
1987-08-23,184.0,490.0,0.0,55.3,27.0
1987-08-30,188.1,496.0,0.0,50.400000000000006,26.0
1987-09-06,190.1,480.0,0.0,56.0,29.0
1987-09-13,189.2,481.0,0.0,56.0,28.0
1987-09-20,195.4,477.0,0.0,56.0,37.0
1987-09-27,192.1,478.0,0.0,56.0,30.0
1987-10-04,201.3,475.0,0.0,55.2,30.0
1987-10-11,200.9,446.0,0.0,56.0,28.0
1987-10-18,203.9,434.0,0.0,56.0,27.0
1987-10-25,204.7,443.0,0.0,56.0,26.0
1987-11-01,206.8,441.0,0.0,51.7,32.0
1987-11-08,210.6,440.0,0.0,51.8,29.0
1987-11-15,212.0,462.0,0.0,45.2,26.0
1987-11-22,201.3,502.0,7.800000000000001,32.0,27.0
1987-11-29,203.9,535.0,119.5,41.3,23.0
1987-12-06,197.4,578.0,88.0,39.0,23.0
1987-12-13,191.9,595.0,70.0,20.4,23.0
1987-12-20,196.9,543.0,81.0,24.7,29.0
1987-12-27,195.1,538.0,50.5,37.5,29.0
1988-01-03,200.8,512.0,22.9,44.9,23.0
1988-01-10,195.8,571.0,141.0,35.3,21.0
1988-01-17,194.9,587.0,67.5,31.2,20.0
1988-01-24,197.7,578.0,8.0,37.0,23.0
1988-01-31,189.4,598.0,218.1,11.7,19.0
1988-02-07,191.2,576.0,62.1,23.9,24.0
1988-02-14,190.7,581.0,92.0,31.0,23.0
1988-02-21,194.3,561.0,80.3,46.6,23.0
1988-02-28,199.6,558.0,48.2,45.2,24.0
1988-03-06,200.9,560.0,46.5,38.8,21.0
1988-03-13,197.4,576.0,38.1,36.9,22.0
1988-03-20,194.9,581.0,26.9,30.2,20.0
1988-03-27,197.2,563.0,44.5,23.7,27.0
1988-04-03,196.4,558.0,49.1,35.5,32.0
1988-04-10,196.5,551.0,15.7,49.2,25.0
1988-04-17,199.2,543.0,7.2,42.9,26.0
1988-04-24,204.4,538.0,49.0,50.4,34.0
1988-05-01,199.29999999999998,534.0,23.0,49.4,26.0
1988-05-08,195.3,587.0,45.0,30.4,21.0
1988-05-15,197.6,580.0,90.89999999999999,37.0,27.0
1988-05-22,198.6,560.0,21.4,51.1,23.0
1988-05-29,198.2,550.0,6.5,52.8,26.0
1988-06-05,195.2,558.0,21.0,50.1,26.0
1988-06-12,194.1,573.0,71.5,42.2,27.0
1988-06-19,192.6,556.0,35.9,48.6,28.0
1988-06-26,189.4,521.0,2.7,53.4,31.0
1988-07-03,183.5,530.0,0.0,54.3,28.0
1988-07-10,185.8,524.0,0.0,53.9,26.0
1988-07-17,184.3,530.0,0.0,46.9,26.0
1988-07-24,181.5,523.0,0.0,53.4,28.0
1988-07-31,183.2,508.0,0.0,55.7,28.0
1988-08-07,187.5,556.0,4.8999999999999995,35.8,32.0
1988-08-14,189.7,519.0,0.0,56.0,30.0
1988-08-21,189.8,498.0,0.0,56.0,27.0
1988-08-28,188.5,494.0,0.0,51.7,27.0
1988-09-04,190.0,480.0,0.0,55.2,31.0
1988-09-11,196.1,492.0,0.0,55.5,34.0
1988-09-18,194.8,487.0,0.0,54.3,28.0
1988-09-25,196.6,481.0,0.0,53.2,27.0
1988-10-02,199.4,463.0,0.0,54.9,29.0
1988-10-09,204.5,449.0,0.0,49.4,27.0
1988-10-16,198.4,510.0,0.8,32.1,24.0
1988-10-23,199.7,513.0,15.4,37.8,24.0
1988-10-30,207.2,480.0,1.1,48.0,27.0
1988-11-06,209.1,484.0,0.6000000000000001,49.3,22.0
1988-11-13,201.2,517.0,15.4,29.2,24.0
1988-11-20,196.2,542.0,91.2,28.6,24.0
1988-11-27,194.5,552.0,1.8,13.6,25.0
1988-12-04,194.0,550.0,32.2,25.4,22.0
1988-12-11,194.9,502.0,73.7,36.3,20.0
1988-12-18,187.7,547.0,93.4,39.1,36.0
1988-12-25,186.8,585.0,94.5,28.9,24.0
1989-01-01,190.5,567.0,13.5,32.3,23.0
1989-01-08,187.7,598.0,175.6,31.3,20.0
1989-01-15,198.1,563.0,56.5,43.7,21.0
1989-01-22,199.0,551.0,8.2,48.2,21.0
1989-01-29,188.8,586.0,100.1,26.3,24.0
1989-02-05,186.1,566.0,53.099999999999994,18.0,30.0
1989-02-12,183.5,596.0,106.89999999999999,24.8,26.0
1989-02-19,183.4,597.0,151.8,23.9,21.0
1989-02-26,187.4,591.0,38.3,35.0,27.0
1989-03-05,190.6,566.0,1.5,28.8,23.0
1989-03-12,188.8,568.0,88.9,20.5,29.0
1989-03-19,188.4,566.0,22.1,27.2,21.0
1989-03-26,189.9,594.0,67.5,40.4,22.0
1989-04-02,190.5,593.0,8.1,42.9,19.0
1989-04-09,188.7,583.0,15.5,32.1,20.0
1989-04-16,193.3,557.0,35.0,45.2,20.0
1989-04-23,195.5,554.0,109.89999999999999,41.2,19.0
1989-04-30,189.1,591.0,52.8,33.9,20.0
1989-05-07,192.6,562.0,31.7,47.9,21.0
1989-05-14,195.9,554.0,47.5,54.0,27.0
1989-05-21,192.9,556.0,12.6,45.5,24.0
1989-05-28,192.3,594.0,222.8,36.6,26.0
1989-06-04,191.5,585.0,89.9,35.7,23.0
1989-06-11,190.0,586.0,31.2,41.8,23.0
1989-06-18,190.3,591.0,84.0,35.4,23.0
1989-06-25,187.7,564.0,2.3,45.3,24.0
1989-07-02,182.0,581.0,77.5,35.5,22.0
1989-07-09,188.1,551.0,33.9,55.5,26.0
1989-07-16,186.8,574.0,11.0,44.2,23.0
1989-07-23,189.7,571.0,28.6,43.7,27.0
1989-07-30,192.4,550.0,5.5,49.9,31.0
1989-08-06,185.2,557.0,75.80000000000001,45.6,30.0
1989-08-13,187.6,544.0,0.4,54.8,33.0
1989-08-20,181.4,517.0,0.0,55.2,28.0
1989-08-27,182.8,522.0,0.0,52.4,26.0
1989-09-03,188.1,528.0,0.0,48.4,27.0
1989-09-10,188.0,501.0,0.0,56.0,27.0
1989-09-17,187.8,500.0,0.0,53.6,31.0
1989-09-24,191.9,495.0,0.0,53.6,25.0
1989-10-01,194.5,499.0,0.0,43.6,25.0
1989-10-08,192.7,497.0,0.0,54.0,26.0
1989-10-15,198.9,492.0,0.0,52.8,24.0
1989-10-22,204.6,488.0,0.0,52.5,27.0
1989-10-29,196.2,529.0,95.9,38.6,24.0
1989-11-05,196.0,556.0,15.399999999999999,39.9,22.0
1989-11-12,202.6,516.0,0.0,51.2,23.0
1989-11-19,197.9,533.0,6.9,42.6,22.0
1989-11-26,198.6,492.0,30.9,44.8,22.0
1989-12-03,197.5,548.0,53.3,37.7,24.0
1989-12-10,190.6,585.0,14.1,30.5,23.0
1989-12-17,193.5,569.0,58.2,42.4,20.0
1989-12-24,199.1,543.0,74.2,48.8,23.0
1989-12-31,194.6,577.0,12.2,37.9,22.0
1990-01-07,181.3,623.0,181.7,17.6,26.0
1990-01-14,186.5,591.0,40.8,15.3,20.0
1990-01-21,185.9,619.0,52.0,16.7,23.0
1990-01-28,185.3,591.0,56.800000000000004,28.599999999999998,39.0
1990-02-04,190.6,581.0,17.1,37.0,22.0
1990-02-11,188.8,588.0,73.39999999999999,46.5,22.0
1990-02-18,189.5,584.0,11.9,37.0,21.0
1990-02-25,189.0,594.0,21.4,33.1,22.0
1990-03-04,188.5,602.0,105.89999999999999,25.5,26.0
1990-03-11,185.9,598.0,23.1,31.3,23.0
1990-03-18,187.1,591.0,33.2,22.1,30.0
1990-03-25,194.7,588.0,56.4,49.3,20.0
1990-04-01,194.4,572.0,26.200000000000003,43.7,25.0
1990-04-08,196.9,585.0,139.6,46.0,23.0
1990-04-15,196.8,569.0,44.9,52.1,25.0
1990-04-22,192.5,608.0,73.4,33.9,16.0
1990-04-29,194.1,589.0,16.7,38.0,25.0
1990-05-06,192.9,547.0,0.0,55.0,22.0
1990-05-13,197.1,576.0,100.9,46.7,22.0
1990-05-20,196.1,586.0,44.6,36.1,20.0
1990-05-27,193.4,609.0,38.9,35.9,22.0
1990-06-03,192.9,570.0,1.4,51.8,21.0
1990-06-10,188.6,556.0,0.0,51.6,22.0
1990-06-17,186.3,541.0,0.0,55.0,24.0
1990-06-24,191.0,565.0,29.0,44.2,27.0
1990-07-01,193.3,557.0,16.0,48.4,30.0
1990-07-08,190.2,566.0,8.0,44.9,22.0
1990-07-15,187.4,530.0,0.0,54.2,26.0
1990-07-22,183.8,550.0,5.2,52.6,28.0
1990-07-29,183.8,532.0,0.0,55.7,28.0
1990-08-05,187.5,548.0,0.0,45.7,27.0
1990-08-12,183.1,545.0,0.0,55.8,24.0
1990-08-19,184.9,505.0,0.0,55.8,26.0
1990-08-26,190.8,529.0,0.0,51.5,27.0
1990-09-02,190.4,519.0,0.2,54.9,32.0
1990-09-09,192.2,507.0,0.0,54.7,29.0
1990-09-16,189.2,499.0,0.0,54.7,29.0
1990-09-23,193.7,501.0,0.0,55.3,31.0
1990-09-30,192.4,489.0,0.0,56.0,27.0
1990-10-07,197.3,474.0,0.0,54.7,27.0
1990-10-14,198.89999999999998,465.0,0.0,55.8,28.0
1990-10-21,201.3,467.0,0.0,56.0,29.0
1990-10-28,204.0,472.0,0.0,54.4,29.0
1990-11-04,204.8,469.0,0.0,54.8,26.0
1990-11-11,204.2,492.0,0.0,47.9,22.0
1990-11-18,206.6,471.0,0.1,54.9,24.0
1990-11-25,207.5,480.0,0.8,49.3,22.0
1990-12-02,206.7,513.0,2.9,47.2,22.0
1990-12-09,188.5,590.0,126.1,22.7,22.0
1990-12-16,193.3,587.0,127.3,31.5,18.0
1990-12-23,188.7,602.0,62.400000000000006,23.0,21.0
1990-12-30,185.0,615.0,106.7,24.8,25.0
1991-01-06,188.0,609.0,179.6,42.1,25.0
1991-01-13,189.5,610.0,233.7,27.6,24.0
1991-01-20,189.4,608.0,148.6,33.5,23.0
1991-01-27,188.2,595.0,25.0,24.5,21.0
1991-02-03,188.0,596.0,123.8,33.0,24.0
1991-02-10,183.2,623.0,232.0,27.8,27.0
1991-02-17,191.4,598.0,50.7,34.5,30.0
1991-02-24,185.9,605.0,47.4,20.3,33.0
1991-03-03,187.0,609.0,75.8,37.0,21.0
1991-03-10,195.0,563.0,29.1,51.6,18.0
1991-03-17,195.7,567.0,0.0,48.0,19.0
1991-03-24,190.0,589.0,72.7,27.6,27.0
1991-03-31,195.7,557.0,3.5,41.5,22.0
1991-04-07,187.1,612.0,103.5,33.0,20.0
1991-04-14,189.6,612.0,108.4,23.5,19.0
1991-04-21,187.7,628.0,44.0,14.6,20.0
1991-04-28,188.3,620.0,49.8,21.400000000000002,21.0
1991-05-05,193.4,596.0,106.7,30.8,24.0
1991-05-12,190.6,576.0,113.9,54.3,23.0
1991-05-19,193.1,565.0,0.0,53.6,26.0
1991-05-26,187.3,540.0,0.0,56.0,25.0
1991-06-02,190.6,563.0,0.0,51.6,26.0
1991-06-09,183.5,543.0,0.0,48.2,19.0
1991-06-16,189.4,588.0,4.6,45.4,22.0
1991-06-23,186.2,549.0,0.0,52.6,27.0
1991-06-30,182.1,550.0,0.0,55.2,29.0
1991-07-07,182.4,530.0,0.0,55.5,27.0
1991-07-14,181.6,541.0,0.6,53.4,27.0
1991-07-21,181.5,538.0,0.4,51.4,25.0
1991-07-28,182.0,550.0,0.0,54.2,31.0
1991-08-04,178.8,548.0,0.0,52.6,28.0
1991-08-11,177.9,539.0,0.0,56.0,28.0
1991-08-18,177.4,512.0,0.0,55.9,31.0
1991-08-25,179.4,537.0,0.0,54.6,26.0
1991-09-01,181.2,531.0,0.0,56.0,30.0
1991-09-08,186.1,523.0,0.0,53.1,27.0
1991-09-15,182.5,492.0,0.0,48.6,23.0
1991-09-22,183.8,497.0,0.0,56.0,26.0
1991-09-29,193.6,488.0,0.0,55.8,24.0
1991-10-06,190.0,487.0,0.0,55.5,26.0
1991-10-13,194.9,476.0,0.0,55.1,29.0
1991-10-20,194.4,481.0,0.0,54.2,26.0
1991-10-27,200.4,475.0,0.0,56.0,25.0
1991-11-03,201.8,445.0,0.0,55.5,28.0
1991-11-10,200.2,498.0,17.5,43.2,27.0
1991-11-17,194.0,559.0,10.4,41.4,22.0
1991-11-24,197.20000000000002,536.0,0.0,35.3,21.0
1991-12-01,201.3,530.0,0.0,33.5,23.0
1991-12-08,188.8,602.0,32.1,16.7,21.0
1991-12-15,192.3,579.0,71.0,40.1,23.0
1991-12-22,197.5,561.0,59.4,41.0,22.0
1991-12-29,193.4,577.0,28.5,28.0,20.0
1992-01-05,189.1,597.0,81.5,35.3,25.0
1992-01-12,185.3,600.0,215.6,38.3,25.0
1992-01-19,191.7,583.0,89.6,31.9,22.0
1992-01-26,187.1,600.0,83.3,45.5,20.0
1992-02-02,188.8,601.0,139.6,45.5,23.0
1992-02-09,184.1,625.0,149.9,45.5,23.0
1992-02-16,190.2,603.0,51.8,45.5,24.0
1992-02-23,186.1,592.0,48.5,45.5,26.0
1992-03-01,194.2,555.0,13.6,45.5,25.0
1992-03-08,187.7,606.0,130.2,32.7,25.0
1992-03-15,183.4,638.0,75.5,27.1,22.0
1992-03-22,189.9,619.0,94.5,35.6,22.0
1992-03-29,195.8,602.0,137.9,37.0,24.0
1992-04-05,188.3,618.0,100.1,27.8,23.0
1992-04-12,187.6,624.0,133.6,17.6,21.0
1992-04-19,196.0,609.0,8.3,48.7,22.0
1992-04-26,192.6,601.0,253.8,32.9,28.0
1992-05-03,201.2,569.0,10.0,50.0,30.0
1992-05-10,195.7,566.0,53.6,48.6,28.0
1992-05-17,193.4,586.0,47.8,49.1,23.0
1992-05-24,194.3,573.0,9.399999999999999,47.4,23.0
1992-05-31,192.6,608.0,133.7,38.9,17.0
1992-06-07,194.7,586.0,63.0,43.3,27.0
1992-06-14,194.0,573.0,3.0,49.0,26.0
1992-06-21,188.3,551.0,45.0,48.4,27.0
1992-06-28,183.3,551.0,0.0,46.7,27.0
1992-07-05,194.6,568.0,17.0,50.4,34.0
1992-07-12,187.6,563.0,27.0,51.3,32.0
1992-07-19,178.9,556.0,0.0,50.8,30.0
1992-07-26,177.8,547.0,0.0,56.0,31.0
1992-08-02,185.8,552.0,0.0,49.0,35.0
1992-08-09,184.0,539.0,0.0,56.0,30.0
1992-08-16,181.6,520.0,0.0,54.7,33.0
1992-08-23,187.0,530.0,0.0,50.7,32.0
1992-08-30,195.0,548.0,6.0,44.599999999999994,30.0
1992-09-06,191.0,559.0,21.0,42.3,27.0
1992-09-13,194.2,527.0,0.0,52.0,26.0
1992-09-20,193.5,503.0,0.0,56.0,28.0
1992-09-27,196.5,520.0,0.0,54.8,35.0
1992-10-04,195.7,526.0,2.0,45.9,30.0
1992-10-11,196.0,532.0,10.0,50.3,27.0
1992-10-18,201.2,499.0,0.0,51.6,26.0
1992-10-25,201.7,491.0,0.0,47.3,23.0
1992-11-01,199.4,497.0,0.0,23.1,28.0
1992-11-08,196.3,509.0,10.0,32.9,27.0
1992-11-15,198.7,540.0,16.0,44.8,25.0
1992-11-22,195.3,556.0,7.0,35.4,24.0
1992-11-29,193.0,568.0,86.0,37.7,23.0
1992-12-06,185.7,594.0,125.0,12.6,25.0
1992-12-13,190.9,580.0,74.0,25.2,22.0
1992-12-20,194.2,566.0,12.0,33.5,21.0
1992-12-27,190.4,584.0,63.0,25.9,22.0
1993-01-03,188.6,588.0,22.0,33.9,25.0
1993-01-10,189.4,583.0,109.0,28.9,24.0
1993-01-17,197.2,577.0,100.0,38.1,20.0
1993-01-24,185.7,604.0,151.0,22.5,24.0
1993-01-31,182.0,587.0,56.0,17.6,38.0
1993-02-07,186.7,580.0,56.0,34.9,36.0
1993-02-14,190.6,556.0,51.0,45.0,23.0
1993-02-21,190.3,582.0,175.0,39.4,25.0
1993-02-28,189.5,577.0,49.0,21.9,25.0
1993-03-07,190.0,574.0,55.0,37.2,21.0
1993-03-14,186.9,603.0,127.0,37.1,21.0
1993-03-21,193.9,549.0,26.0,49.9,26.0
1993-03-28,191.1,586.0,82.0,43.3,22.0
1993-04-04,188.8,585.0,14.0,31.2,26.0
1993-04-11,187.8,602.0,81.0,32.1,22.0
1993-04-18,192.3,570.0,9.0,37.8,22.0
1993-04-25,198.4,562.0,60.0,49.3,27.0
1993-05-02,198.4,548.0,27.0,44.0,32.0
1993-05-09,197.8,572.0,32.0,44.5,29.0
1993-05-16,192.1,563.0,11.0,43.7,28.0
1993-05-23,197.3,547.0,10.0,51.5,33.0
1993-05-30,198.7,537.0,0.0,51.8,30.0
1993-06-06,194.7,564.0,26.0,35.2,25.0
1993-06-13,189.9,608.0,178.0,30.799999999999997,27.0
1993-06-20,191.6,581.0,104.0,49.2,28.0
1993-06-27,193.3,532.0,7.0,56.0,35.0
1993-07-04,191.3,537.0,0.0,54.5,27.0
1993-07-11,181.1,522.0,0.0,55.8,27.0
1993-07-18,185.4,533.0,0.0,48.5,33.0
1993-07-25,184.2,529.0,0.0,55.0,27.0
1993-08-01,181.5,526.0,0.0,56.0,31.0
1993-08-08,185.4,534.0,11.0,52.6,30.0
1993-08-15,191.7,524.0,0.0,52.6,36.0
1993-08-22,190.0,508.0,10.0,52.5,43.0
1993-08-29,186.9,524.0,2.0,53.9,34.0
1993-09-05,187.2,504.0,0.0,54.8,33.0
1993-09-12,190.1,502.0,0.0,52.3,36.0
1993-09-19,191.3,490.0,0.0,55.3,31.0
1993-09-26,194.5,476.0,0.0,55.8,32.0
1993-10-03,194.8,489.0,0.0,55.8,28.0
1993-10-10,197.6,491.0,0.0,56.0,32.0
1993-10-17,196.8,480.0,0.0,53.4,29.0
1993-10-24,204.1,465.0,0.0,55.3,29.0
1993-10-31,203.4,453.0,0.0,56.0,30.0
1993-11-07,206.4,455.0,0.0,47.0,30.0
1993-11-14,210.0,473.0,1.0,48.8,28.0
1993-11-21,201.8,519.0,5.0,37.3,25.0
1993-11-28,206.4,502.0,3.0,41.7,27.0
1993-12-05,202.8,532.0,61.0,44.4,27.0
1993-12-12,202.5,547.0,119.0,40.4,22.0
1993-12-19,204.8,519.0,39.0,37.3,26.0
1993-12-26,192.5,556.0,116.0,22.7,32.0
1994-01-02,195.4,531.0,137.0,46.0,25.0
1994-01-09,191.2,588.0,219.0,36.199999999999996,23.0
1994-01-16,186.8,601.0,87.2,30.0,20.0
1994-01-23,184.4,599.0,107.0,19.0,24.0
1994-01-30,190.0,576.0,67.0,27.200000000000003,25.0
1994-02-06,192.1,586.0,147.0,40.6,23.0
1994-02-13,188.8,599.0,49.0,26.0,23.0
1994-02-20,188.2,559.0,99.0,8.4,25.0
1994-02-27,187.2,583.0,119.0,8.4,28.0
1994-03-06,186.6,592.0,75.0,13.3,24.0
1994-03-13,188.3,595.0,146.0,25.3,21.0
1994-03-20,193.6,575.0,43.0,34.4,23.0
1994-03-27,183.2,617.0,180.0,15.5,20.0
1994-04-03,189.5,581.0,36.0,35.2,23.0
1994-04-10,197.5,532.0,12.0,47.5,20.0
1994-04-17,189.9,605.0,124.0,23.2,21.0
1994-04-24,193.4,547.0,10.0,27.6,27.0
1994-05-01,201.8,522.0,0.0,47.8,28.0
1994-05-08,196.1,524.0,0.0,18.900000000000002,24.0
1994-05-15,191.6,513.0,2.0,18.900000000000002,24.0
1994-05-22,186.6,496.0,0.0,18.900000000000002,26.0
1994-05-29,185.6,501.0,0.0,18.900000000000002,23.0
1994-06-05,189.5,509.0,0.0,18.900000000000002,23.0
1994-06-12,194.29999999999998,517.0,0.0,18.900000000000002,30.0
1994-06-19,186.3,522.0,0.0,18.900000000000002,28.0
1994-06-26,178.9,504.0,0.0,18.900000000000002,28.0
1994-07-03,179.8,508.0,0.0,18.900000000000002,25.0
1994-07-10,179.2,504.0,0.0,18.900000000000002,25.0
1994-07-17,179.5,522.0,0.0,18.900000000000002,29.0
1994-07-24,180.5,503.0,0.0,18.900000000000002,28.0
1994-07-31,175.9,492.0,0.0,18.900000000000002,28.0
1994-08-07,184.6,531.0,5.0,18.900000000000002,34.0
1994-08-14,183.1,495.0,0.0,18.900000000000002,32.0
1994-08-21,176.1,490.0,0.0,18.900000000000002,31.0
1994-08-28,180.8,491.0,0.0,18.900000000000002,32.0
1994-09-04,179.4,477.0,0.0,18.900000000000002,31.0
1994-09-11,188.7,482.0,0.0,18.900000000000002,32.0
1994-09-18,185.8,481.0,0.0,18.900000000000002,31.0
1994-09-25,186.3,453.0,0.0,18.900000000000002,32.0
1994-10-02,185.5,460.0,0.0,18.900000000000002,32.0
1994-10-09,195.3,471.0,0.0,18.900000000000002,31.0
1994-10-16,200.3,467.0,0.0,18.900000000000002,31.0
1994-10-23,202.2,451.0,0.0,18.900000000000002,31.0
1994-10-30,204.4,457.0,0.0,18.900000000000002,30.0
1994-11-06,206.0,493.0,10.0,18.900000000000002,26.0
1994-11-13,210.1,458.0,0.0,18.900000000000002,31.0
1994-11-20,207.8,494.0,42.0,18.900000000000002,27.0
1994-11-27,214.9,463.0,3.0,18.900000000000002,26.0
1994-12-04,203.5,533.0,7.0,18.900000000000002,22.0
1994-12-11,194.6,571.0,21.0,18.900000000000002,20.0
1994-12-18,199.4,538.0,23.0,18.900000000000002,28.0
1994-12-25,201.0,517.0,12.0,18.900000000000002,24.0
1995-01-01,203.5,537.0,62.0,18.900000000000002,25.0
1995-01-08,194.6,582.0,74.0,18.900000000000002,21.0
1995-01-15,189.6,583.0,97.0,18.900000000000002,31.0
1995-01-22,185.9,593.0,63.0,18.900000000000002,30.0
1995-01-29,189.7,587.0,50.0,18.900000000000002,27.0
1995-02-05,186.8,617.0,220.0,18.900000000000002,23.0
1995-02-12,185.7,604.0,53.0,18.900000000000002,28.0
1995-02-19,188.0,586.0,88.0,18.900000000000002,24.0
1995-02-26,187.8,593.0,62.0,18.900000000000002,22.0
1995-03-05,188.8,586.0,37.0,18.900000000000002,27.0
1995-03-12,190.1,588.0,64.0,18.900000000000002,24.0
1995-03-19,191.0,587.0,49.0,18.900000000000002,22.0
1995-03-26,193.9,593.0,42.0,18.900000000000002,23.0
1995-04-02,191.1,597.0,108.0,18.900000000000002,24.0
1995-04-09,191.7,577.0,76.0,18.900000000000002,25.0
1995-04-16,193.6,584.0,118.0,18.900000000000002,19.0
1995-04-23,197.4,546.0,1.0,18.900000000000002,27.0
1995-04-30,199.3,555.0,49.0,18.900000000000002,25.0
1995-05-07,198.4,563.0,168.0,40.5,26.0
1995-05-14,202.9,535.0,0.0,48.8,25.0
1995-05-21,195.89999999999998,560.0,66.0,48.2,21.0
1995-05-28,192.8,523.0,31.0,56.0,23.0
1995-06-04,195.1,520.0,0.0,52.4,22.0
1995-06-11,197.7,568.0,26.0,39.7,23.0
1995-06-18,194.9,577.0,95.0,37.5,25.0
1995-06-25,190.0,577.0,101.0,44.3,23.0
1995-07-02,192.9,540.0,1.0,50.1,25.0
1995-07-09,188.4,564.0,48.0,56.0,26.0
1995-07-16,189.2,544.0,6.0,56.0,21.0
1995-07-23,189.9,519.0,0.0,56.0,24.0
1995-07-30,183.2,512.0,0.0,56.0,24.0
1995-08-06,184.2,505.0,0.0,56.0,23.0
1995-08-13,185.9,511.0,0.0,56.0,22.0
1995-08-20,183.0,503.0,0.0,56.0,24.0
1995-08-27,186.9,498.0,0.0,56.0,22.0
1995-09-03,189.8,493.0,0.0,54.0,21.0
1995-09-10,193.4,495.0,0.0,55.3,23.0
1995-09-17,191.8,476.0,0.0,56.0,28.0
1995-09-24,196.1,465.0,0.0,54.4,21.0
1995-10-01,195.4,481.0,0.0,54.8,22.0
1995-10-08,200.9,465.0,0.0,50.6,21.0
1995-10-15,203.0,489.0,0.0,52.5,24.0
1995-10-22,208.1,459.0,2.0,53.1,21.0
1995-10-29,204.5,513.0,10.0,40.7,22.0
1995-11-05,209.4,461.0,0.0,47.7,23.0
1995-11-12,201.5,526.0,30.0,41.6,23.0
1995-11-19,194.7,591.0,95.0,32.8,21.0
1995-11-26,188.8,615.0,73.0,21.1,20.0
1995-12-03,191.6,586.0,46.0,14.8,19.0
1995-12-10,195.0,542.0,52.0,19.9,26.0
1995-12-17,189.2,586.0,101.0,27.8,25.0
1995-12-24,193.7,559.0,70.0,28.3,23.0
1995-12-31,196.5,559.0,23.0,33.1,20.0
1996-01-07,186.2,594.0,175.6,31.8,20.0
1996-01-14,194.6,571.0,56.5,40.5,21.0
1996-01-21,201.2,535.0,8.2,51.8,21.0
1996-01-28,190.0,601.0,74.7,24.6,23.0
1996-02-04,188.9,558.0,69.5,26.5,28.0
1996-02-11,183.1,598.0,98.89999999999999,23.4,28.0
1996-02-18,182.8,599.0,165.0,22.1,22.0
1996-02-25,186.9,591.0,32.3,32.7,26.0
1996-03-03,190.5,570.0,10.8,36.8,23.0
1996-03-10,187.6,578.0,88.30000000000001,19.8,24.0
1996-03-17,188.2,560.0,8.3,25.6,27.0
1996-03-24,189.6,585.0,28.1,39.0,21.0
1996-03-31,188.7,599.0,57.7,42.1,20.0
1996-04-07,190.5,589.0,13.5,31.8,20.0
1996-04-14,192.9,556.0,40.3,49.4,20.0
1996-04-21,195.2,553.0,109.89999999999999,40.7,20.0
1996-04-28,191.2,585.0,46.4,33.5,19.0
1996-05-05,191.9,560.0,22.3,48.6,21.0
1996-05-12,193.4,562.0,30.099999999999998,49.6,27.0
1996-05-19,194.5,561.0,45.4,54.4,22.0
1996-05-26,193.0,577.0,182.4,36.3,28.0
1996-06-02,192.0,587.0,92.9,35.699999999999996,23.0
1996-06-09,189.1,587.0,45.900000000000006,38.8,21.0
1996-06-16,192.3,593.0,106.1,37.7,25.0
1996-06-23,186.5,575.0,1.9,33.4,22.0
1996-06-30,182.8,582.0,77.80000000000001,34.1,24.0
1996-07-07,186.8,555.0,25.9,54.0,26.0
1996-07-14,186.8,565.0,19.0,46.2,22.0
1996-07-21,189.9,564.0,5.5,45.0,24.0
1996-07-28,192.7,567.0,30.7,46.4,32.0
1996-08-04,184.9,546.0,31.6,46.4,30.0
1996-08-11,188.1,554.0,44.2,49.2,34.0
1996-08-18,183.3,523.0,0.0,55.2,28.0
1996-08-25,181.4,523.0,0.0,56.0,28.0
1996-09-01,187.5,528.0,0.0,56.0,25.0
1996-09-08,186.8,508.0,0.0,56.0,28.0
1996-09-15,187.2,499.0,0.0,53.6,27.0
1996-09-22,193.3,499.0,0.0,56.0,30.0
1996-09-29,193.3,494.0,0.0,51.6,24.0
1996-10-06,193.4,498.0,0.0,43.6,25.0
1996-10-13,196.9,489.0,0.0,55.2,25.0
1996-10-20,203.1,495.0,0.0,50.1,26.0
1996-10-27,202.0,488.0,0.0,49.1,26.0
1996-11-03,192.2,582.0,95.9,29.9,21.0
1996-11-10,203.5,516.0,0.0,50.7,22.0
1996-11-17,200.3,527.0,0.0,42.6,23.0
1996-11-24,197.0,500.0,0.0,45.7,22.0
1996-12-01,196.6,545.0,124.5,39.3,22.0
1996-12-08,195.4,558.0,5.3,37.7,25.0
1996-12-15,190.3,586.0,66.6,34.1,21.0
1996-12-22,198.0,540.0,64.8,47.4,20.0
1996-12-29,197.1,567.0,106.2,41.9,24.0
1997-01-05,189.7,572.0,97.4,30.7,25.0
1997-01-12,190.0,555.0,108.7,30.8,22.0
1997-01-19,186.4,569.0,66.7,19.2,23.0
1997-01-26,192.5,527.0,33.9,28.5,27.0
1997-02-02,193.9,537.0,7.5,20.8,27.0
1997-02-09,185.7,585.0,51.0,24.2,20.0
1997-02-16,187.6,584.0,104.0,25.1,22.0
1997-02-23,191.5,540.0,38.0,16.0,26.0
1997-03-02,196.0,554.0,2.0,28.7,27.0
1997-03-09,194.1,557.0,57.0,46.5,26.0
1997-03-16,193.8,565.0,70.0,43.5,20.0
1997-03-23,197.8,531.0,0.0,52.5,22.0
1997-03-30,200.3,539.0,6.0,45.800000000000004,24.0
1997-04-06,194.4,566.0,8.0,25.9,21.0
1997-04-13,192.8,566.0,18.0,37.9,21.0
1997-04-20,192.8,574.0,62.0,42.0,21.0
1997-04-27,204.3,518.0,6.0,45.0,26.0
1997-05-04,194.6,568.0,21.0,41.1,22.0
1997-05-11,196.20000000000002,567.0,191.0,46.5,21.0
1997-05-18,196.8,547.0,6.0,45.0,22.0
1997-05-25,196.5,543.0,0.0,55.0,20.0
1997-06-01,196.2,536.0,0.0,55.6,22.0
1997-06-08,195.8,536.0,2.0,54.2,25.0
1997-06-15,198.7,541.0,8.0,55.2,26.0
1997-06-22,191.6,544.0,3.0,51.2,22.0
1997-06-29,184.8,507.0,0.0,55.3,24.0
1997-07-06,188.6,522.0,0.0,45.6,20.0
1997-07-13,179.4,502.0,0.0,52.8,23.0
1997-07-20,183.4,512.0,0.0,54.6,23.0
1997-07-27,178.9,510.0,0.0,54.5,22.0
1997-08-03,184.2,511.0,0.0,54.0,28.0
1997-08-10,181.7,515.0,0.0,55.9,25.0
1997-08-17,179.29999999999998,504.0,0.0,55.1,24.0
1997-08-24,175.4,503.0,0.0,53.7,23.0
1997-08-31,185.8,507.0,0.0,56.0,30.0
1997-09-07,185.6,513.0,0.0,55.2,24.0
1997-09-14,186.1,476.0,0.0,56.0,26.0
1997-09-21,186.3,496.0,0.0,56.0,28.0
1997-09-28,191.2,465.0,0.0,55.3,25.0
1997-10-05,196.1,486.0,0.0,53.9,23.0
1997-10-12,193.0,428.0,0.0,53.6,26.0
1997-10-19,199.9,448.0,0.0,56.0,25.0
1997-10-26,203.8,474.0,0.0,54.1,26.0
1997-11-02,204.9,428.0,0.0,46.0,24.0
1997-11-09,206.0,469.0,0.0,46.8,25.0
1997-11-16,208.4,472.0,0.0,53.3,26.0
1997-11-23,210.2,467.0,0.0,46.0,24.0
1997-11-30,206.8,488.0,19.0,44.3,22.0
1997-12-07,206.5,522.0,72.0,48.5,21.0
1997-12-14,197.8,551.0,41.0,18.5,21.0
1997-12-21,201.1,540.0,14.0,31.599999999999998,19.0
1997-12-28,192.2,574.0,104.0,25.7,20.0
1998-01-04,200.0,535.0,60.0,46.9,22.0
1998-01-11,196.7,567.0,125.0,41.2,22.0
1998-01-18,206.3,542.0,15.0,47.3,20.0
1998-01-25,198.2,564.0,181.0,46.8,22.0
1998-02-01,196.0,563.0,103.1,31.1,21.0
1998-02-08,197.2,582.0,75.7,33.5,19.0
1998-02-15,193.8,593.0,239.0,40.6,20.0
1998-02-22,197.3,592.0,78.0,22.2,20.0
1998-03-01,194.1,585.0,213.0,21.5,16.0
1998-03-08,194.5,591.0,33.0,19.4,18.0
1998-03-15,195.5,597.0,41.0,29.7,16.0
1998-03-22,194.6,602.0,98.0,25.6,19.0
1998-03-29,197.7,590.0,101.0,35.3,20.0
1998-04-05,195.5,582.0,150.0,31.2,20.0
1998-04-12,201.5,578.0,82.0,42.3,21.0
1998-04-19,202.1,576.0,67.0,42.6,21.0
1998-04-26,201.3,580.0,63.0,38.2,20.0
1998-05-03,196.5,590.0,113.0,29.200000000000003,21.0
1998-05-10,205.4,551.0,43.0,50.6,23.0
1998-05-17,203.7,546.0,78.0,36.2,22.0
1998-05-24,200.0,560.0,12.0,43.6,20.0
1998-05-31,201.3,570.0,77.0,47.4,21.0
1998-06-07,199.7,572.0,94.0,43.2,21.0
1998-06-14,200.70000000000002,568.0,0.0,41.4,20.0
1998-06-21,196.2,586.0,86.0,37.0,20.0
1998-06-28,193.0,581.0,102.0,32.1,22.0
1998-07-05,193.8,593.0,100.0,40.2,18.0
1998-07-12,195.0,574.0,35.0,37.6,17.0
1998-07-19,199.2,557.0,10.0,49.599999999999994,22.0
1998-07-26,195.4,577.0,40.0,44.5,15.0
1998-08-02,187.9,577.0,72.0,32.2,16.0
1998-08-09,189.70000000000002,483.0,0.0,56.0,21.0
1998-08-16,189.70000000000002,483.0,0.0,56.0,21.0
1998-08-23,189.70000000000002,483.0,0.0,56.0,21.0
1998-08-30,189.70000000000002,483.0,0.0,56.0,21.0
1998-09-06,194.1,505.0,1.0,54.6,19.0
1998-09-13,196.8,488.0,0.0,53.8,23.0
1998-09-20,197.3,494.0,0.0,52.4,24.0
1998-09-27,197.6,539.0,4.0,34.9,19.0
1998-10-04,201.5,508.0,0.0,41.6,21.0
1998-10-11,202.2,529.0,26.0,50.1,21.0
1998-10-18,203.5,532.0,31.0,36.7,19.0
1998-10-25,198.8,565.0,47.0,33.8,20.0
1998-11-01,192.5,577.0,38.0,29.200000000000003,16.0
1998-11-08,191.5,577.0,44.0,21.5,16.0
1998-11-15,195.4,555.0,12.0,11.6,16.0
1998-11-22,191.9,572.0,86.0,31.1,18.0
1998-11-29,195.3,557.0,23.0,32.2,15.0
1998-12-06,188.1,584.0,115.0,21.4,18.0
1998-12-13,200.4,493.0,115.0,42.0,19.0
1998-12-20,188.9,593.0,152.0,23.4,19.0
1998-12-27,187.9,588.0,70.0,19.7,19.0
1999-01-03,188.3,586.0,154.0,27.7,19.0
1999-01-10,188.0,582.0,116.0,32.4,22.0
1999-01-17,185.5,599.0,68.0,28.9,20.0
1999-01-24,192.5,584.0,131.0,33.9,23.0
1999-01-31,184.6,610.0,102.0,17.1,17.0
1999-02-07,192.7,535.0,37.0,29.9,34.0
1999-02-14,194.8,552.0,9.1,31.3,35.0
1999-02-21,190.1,575.0,46.8,35.0,24.0
1999-02-28,186.6,587.0,58.8,29.0,25.0
1999-03-07,190.0,575.0,64.4,23.8,17.0
1999-03-14,191.6,581.0,63.5,35.6,19.0
1999-03-21,189.4,590.0,141.8,24.5,22.0
1999-03-28,189.7,582.0,29.6,22.1,19.0
1999-04-04,193.3,573.0,73.7,31.6,19.0
1999-04-11,192.7,592.0,120.6,32.0,20.0
1999-04-18,187.0,594.0,116.1,20.1,18.0
1999-04-25,194.5,542.0,28.099999999999998,47.8,19.0
1999-05-02,195.8,562.0,34.7,37.9,20.0
1999-05-09,197.5,551.0,40.0,46.6,20.0
1999-05-16,195.3,564.0,16.3,41.400000000000006,20.0
1999-05-23,191.4,522.0,0.0,52.8,22.0
1999-05-30,189.2,545.0,15.1,51.6,21.0
1999-06-06,193.6,526.0,0.0,48.8,20.0
1999-06-13,193.2,526.0,2.0,53.6,20.0
1999-06-20,189.2,528.0,0.0,55.6,19.0
1999-06-27,188.6,539.0,8.0,49.9,18.0
1999-07-04,187.3,532.0,9.899999999999999,52.5,26.0
1999-07-11,185.7,538.0,24.8,49.0,20.0
1999-07-18,182.6,527.0,0.0,52.6,20.0
1999-07-25,181.3,522.0,0.0,54.1,21.0
1999-08-01,183.0,515.0,0.0,55.5,21.0
1999-08-08,182.7,503.0,0.0,55.8,22.0
1999-08-15,188.7,527.0,2.0,55.8,26.0
1999-08-22,179.1,488.0,0.0,55.9,26.0
1999-08-29,192.3,497.0,0.0,55.9,28.0
1999-09-05,182.4,481.0,0.0,54.9,23.0
1999-09-12,189.8,498.0,0.0,56.0,33.0
1999-09-19,193.8,481.0,0.0,56.0,26.0
1999-09-26,197.3,497.0,0.0,52.8,31.0
1999-10-03,195.6,476.0,0.0,53.2,29.0
1999-10-10,202.3,477.0,0.0,52.4,28.0
1999-10-17,202.3,504.0,0.2,34.0,26.0
1999-10-24,201.2,500.0,6.3,46.8,24.0
1999-10-31,198.0,528.0,19.8,32.8,25.0
1999-11-07,192.1,572.0,25.8,14.2,21.0
1999-11-14,196.5,552.0,71.10000000000001,33.1,21.0
1999-11-21,191.0,575.0,80.4,31.5,20.0
1999-11-28,199.8,548.0,90.5,45.5,20.0
1999-12-05,199.3,528.0,2.0,41.7,21.0
1999-12-12,194.2,573.0,180.0,25.0,25.0
1999-12-19,192.9,581.0,32.0,17.1,26.0
1999-12-26,189.6,575.0,73.4,26.8,25.0
2000-01-02,193.5,561.0,45.3,38.9,27.0
2000-01-09,190.6,582.0,122.6,31.6,20.0
2000-01-16,190.3,570.0,172.4,36.4,22.0
2000-01-23,184.3,591.0,122.1,18.3,30.0
2000-01-30,186.0,588.0,92.2,13.8,27.0
2000-02-06,189.6,559.0,75.4,16.5,28.0
2000-02-13,186.0,578.0,145.9,8.8,32.0
2000-02-20,191.2,567.0,21.9,29.5,26.0
2000-02-27,190.5,564.0,66.6,23.6,26.0
2000-03-05,189.8,570.0,38.400000000000006,13.2,27.0
2000-03-12,190.6,567.0,45.900000000000006,26.3,23.0
2000-03-19,193.3,540.0,48.1,36.1,34.0
2000-03-26,190.3,576.0,136.6,33.3,19.0
2000-04-02,192.4,574.0,32.1,32.4,20.0
2000-04-09,194.6,571.0,54.800000000000004,24.3,23.0
2000-04-16,192.0,588.0,86.6,28.3,20.0
2000-04-23,192.8,572.0,55.6,33.9,23.0
2000-04-30,192.9,571.0,23.2,32.6,21.0
2000-05-07,190.4,572.0,74.7,32.1,25.0
2000-05-14,196.7,545.0,0.0,35.6,21.0
2000-05-21,197.4,560.0,94.2,38.9,27.0
2000-05-28,197.1,569.0,9.4,41.5,26.0
2000-06-04,193.4,543.0,33.4,37.2,31.0
2000-06-11,191.9,535.0,1.3,52.6,28.0
2000-06-18,190.1,518.0,0.3,40.4,31.0
2000-06-25,188.5,532.0,2.0,42.2,30.0
2000-07-02,186.4,516.0,0.0,51.5,23.0
2000-07-09,189.3,514.0,0.0,55.1,25.0
2000-07-16,186.2,498.0,0.0,55.5,39.0
2000-07-23,187.8,490.0,4.4,52.9,36.0
2000-07-30,188.0,519.0,2.5,53.7,34.0
2000-08-06,186.5,511.0,0.0,53.8,33.0
2000-08-13,185.8,507.0,0.0,53.2,34.0
2000-08-20,185.9,497.0,0.0,50.3,26.0
2000-08-27,188.2,496.0,0.0,55.8,34.0
2000-09-03,196.0,489.0,0.0,55.4,33.0
2000-09-10,194.20000000000002,488.0,0.0,56.0,32.0
2000-09-17,192.6,495.0,0.0,55.8,34.0
2000-09-24,199.0,489.0,0.0,52.1,35.0
2000-10-01,201.3,470.0,0.0,55.5,33.0
2000-10-08,204.7,479.0,0.0,46.6,32.0
2000-10-15,203.6,494.0,0.0,31.3,30.0
2000-10-22,197.6,526.0,31.3,26.4,24.0
2000-10-29,195.7,538.0,133.6,25.0,25.0
2000-11-05,199.2,550.0,30.9,34.9,21.0
2000-11-12,196.8,571.0,62.300000000000004,31.1,24.0
2000-11-19,195.5,573.0,82.80000000000001,38.2,23.0
2000-11-26,192.1,573.0,35.6,16.1,25.0
2000-12-03,195.1,525.0,2.9,23.9,32.0
2000-12-10,199.3,469.0,0.0,45.5,32.0
2000-12-17,189.3,596.0,124.2,20.1,23.0
2000-12-24,197.3,558.0,108.7,29.4,24.0
2000-12-31,203.8,515.0,0.0,43.9,25.0
2001-01-07,191.6,575.0,71.6,34.5,24.0
2001-01-14,185.7,574.0,85.0,20.3,30.0
2001-01-21,189.0,586.0,40.3,23.3,25.0
2001-01-28,191.8,584.0,78.6,33.5,23.0
2001-02-04,186.0,600.0,161.6,14.3,22.0
2001-02-11,185.5,574.0,48.4,18.1,40.0
2001-02-18,196.3,503.0,3.7,29.2,41.0
2001-02-25,191.2,555.0,163.10000000000002,38.6,24.0
2001-03-04,188.5,588.0,158.8,43.8,23.0
2001-03-11,187.6,588.0,172.0,31.6,19.0
2001-03-18,188.5,582.0,111.7,24.0,22.0
2001-03-25,191.2,565.0,75.9,41.7,26.0
2001-04-01,188.2,602.0,80.8,23.7,21.0
2001-04-08,192.6,593.0,114.10000000000001,44.4,24.0
2001-04-15,190.1,594.0,36.4,27.5,21.0
2001-04-22,189.7,549.0,54.9,48.9,22.0
2001-04-29,196.1,549.0,22.5,44.0,24.0
2001-05-06,197.4,561.0,17.7,44.0,24.0
2001-05-13,193.2,519.0,32.0,50.4,19.0
2001-05-20,195.1,549.0,27.0,49.8,25.0
2001-05-27,195.0,537.0,0.6,53.2,21.0
2001-06-03,194.7,565.0,69.4,50.7,24.0
2001-06-10,187.9,587.0,42.3,25.8,20.0
2001-06-17,189.2,574.0,119.7,46.0,20.0
2001-06-24,188.0,541.0,37.5,52.6,22.0
2001-07-01,188.7,524.0,0.0,53.0,25.0
2001-07-08,175.1,513.0,0.0,55.3,24.0
2001-07-15,187.5,571.0,87.4,54.1,25.0
2001-07-22,189.1,558.0,3.3,46.0,24.0
2001-07-29,189.6,518.0,0.0,55.2,28.0
2001-08-05,178.0,504.0,0.0,55.8,21.0
2001-08-12,183.7,510.0,0.0,56.0,24.0
2001-08-19,182.8,497.0,0.0,52.2,23.0
2001-08-26,185.8,496.0,0.0,55.8,23.0
2001-09-02,189.7,515.0,0.0,52.2,28.0
2001-09-09,193.8,500.0,0.0,54.8,25.0
2001-09-16,193.6,489.0,0.0,55.2,26.0
2001-09-23,196.4,503.0,0.0,55.5,25.0
2001-09-30,198.2,490.0,0.0,53.7,26.0
2001-10-07,200.8,500.0,8.6,42.9,20.0
2001-10-14,193.5,526.0,21.200000000000003,23.9,18.0
2001-10-21,199.3,542.0,31.2,38.7,21.0
2001-10-28,199.0,542.0,46.5,42.2,21.0
2001-11-04,200.1,516.0,0.2,38.5,22.0
2001-11-11,204.8,509.0,15.2,47.1,19.0
2001-11-18,194.3,558.0,51.4,32.1,18.0
2001-11-25,199.4,556.0,27.8,40.3,19.0
2001-12-02,186.5,588.0,90.6,17.1,17.0
2001-12-09,193.9,498.0,0.2,23.5,20.0
2001-12-16,191.2,553.0,43.599999999999994,20.0,19.0
2001-12-23,191.7,571.0,289.1,43.9,19.0
2001-12-30,193.3,565.0,37.400000000000006,36.7,17.0
2002-01-06,188.9,580.0,195.9,35.8,26.0
2002-01-13,196.8,551.0,32.8,42.2,18.0
2002-01-20,192.0,588.0,146.4,30.2,17.0
2002-01-27,186.1,604.0,110.0,23.4,18.0
2002-02-03,185.7,589.0,95.89999999999999,19.299999999999997,25.0
2002-02-10,185.5,581.0,53.7,16.0,38.0
2002-02-17,189.1,568.0,90.30000000000001,25.9,36.0
2002-02-24,189.9,578.0,53.099999999999994,36.6,41.0
2002-03-03,193.3,582.0,32.0,35.0,22.0
2002-03-10,188.9,598.0,75.19999999999999,23.6,23.0
2002-03-17,194.9,562.0,64.0,50.8,22.0
2002-03-24,197.5,559.0,33.1,47.0,21.0
2002-03-31,191.3,595.0,36.2,26.2,24.0
2002-04-07,193.8,561.0,38.4,34.9,25.0
2002-04-14,196.3,559.0,18.8,41.2,24.0
2002-04-21,191.2,579.0,47.5,37.9,27.0
2002-04-28,199.1,542.0,36.0,53.4,27.0
2002-05-05,201.1,527.0,0.7,51.7,27.0
2002-05-12,197.2,568.0,26.6,38.3,25.0
2002-05-19,195.3,531.0,0.2,52.0,27.0
2002-05-26,190.9,516.0,17.9,55.7,25.0
2002-06-02,196.8,534.0,28.900000000000002,52.0,31.0
2002-06-09,196.7,522.0,0.1,50.9,38.0
2002-06-16,194.5,501.0,0.0,54.2,27.0
2002-06-23,187.20000000000002,496.0,0.0,55.1,28.0
2002-06-30,182.8,501.0,0.0,51.4,27.0
2002-07-07,179.1,510.0,0.0,48.8,18.0
2002-07-14,185.6,514.0,0.0,47.1,22.0
2002-07-21,186.0,520.0,0.0,51.8,28.0
2002-07-28,185.8,507.0,0.0,51.9,26.0
2002-08-04,188.4,512.0,0.2,55.2,31.0
2002-08-11,185.9,480.0,0.0,55.5,35.0
2002-08-18,179.5,459.0,0.0,54.4,29.0
2002-08-25,182.5,503.0,0.0,54.1,30.0
2002-09-01,179.4,473.0,0.0,46.2,31.0
2002-09-08,182.8,476.0,0.0,56.0,22.0
2002-09-15,183.3,473.0,0.0,56.0,22.0
2002-09-22,190.9,473.0,0.0,56.0,17.0
2002-09-29,191.6,476.0,0.0,52.6,18.0
2002-10-06,194.2,465.0,0.0,52.2,21.0
2002-10-13,196.0,470.0,0.0,53.4,16.0
2002-10-20,201.4,438.0,0.0,55.7,23.0
2002-10-27,201.3,465.0,0.0,46.6,17.0
2002-11-03,206.0,470.0,0.0,48.2,22.0
2002-11-10,210.2,469.0,0.0,41.2,30.0
2002-11-17,210.4,472.0,10.6,49.1,23.0
2002-11-24,207.1,496.0,19.8,33.9,18.0
2002-12-01,199.8,507.0,15.6,16.1,20.0
2002-12-08,200.3,528.0,90.8,49.0,22.0
2002-12-15,201.6,537.0,23.0,40.6,18.0
2002-12-22,210.5,493.0,13.399999999999999,53.0,23.0
2002-12-29,191.6,595.0,54.3,23.3,18.0
2003-01-05,185.0,600.0,146.4,9.8,22.0
2003-01-12,195.2,550.0,199.5,36.5,25.0
2003-01-19,199.5,530.0,15.4,46.0,26.0
2003-01-26,191.7,569.0,185.79999999999998,26.3,31.0
2003-02-02,189.9,601.0,134.0,31.4,19.0
2003-02-09,190.6,618.0,104.69999999999999,24.299999999999997,17.0
2003-02-16,186.8,627.0,132.7,27.6,16.0
2003-02-23,192.6,586.0,261.3,32.0,28.0
2003-03-02,194.2,566.0,15.2,19.7,34.0
2003-03-09,192.6,574.0,123.2,40.5,19.0
2003-03-16,189.2,568.0,146.1,37.0,17.0
2003-03-23,195.5,551.0,28.2,43.0,15.0
2003-03-30,201.7,530.0,27.4,51.2,14.0
2003-04-06,200.2,543.0,46.5,42.2,16.0
2003-04-13,201.0,543.0,19.9,43.1,19.0
2003-04-20,202.5,516.0,7.8,52.2,22.0
2003-04-27,202.3,516.0,3.7,42.4,23.0
2003-05-04,199.0,535.0,24.8,42.4,20.0
2003-05-11,195.3,580.0,33.9,19.1,23.0
2003-05-18,192.6,547.0,5.5,44.8,22.0
2003-05-25,193.5,530.0,14.0,54.6,19.0
2003-06-01,193.1,518.0,64.0,54.1,22.0
2003-06-08,198.6,512.0,0.7,56.0,34.0
2003-06-15,186.6,506.0,46.5,56.0,20.0
2003-06-22,191.4,543.0,5.0,38.8,27.0
2003-06-29,187.7,521.0,0.0,55.2,17.0
2003-07-06,178.1,507.0,0.0,55.8,18.0
2003-07-13,184.20000000000002,505.0,0.0,54.0,21.0
2003-07-20,177.9,491.0,0.0,56.0,20.0
2003-07-27,190.6,498.0,0.0,51.9,22.0
2003-08-03,180.9,482.0,0.0,54.6,22.0
2003-08-10,180.4,491.0,0.0,55.4,25.0
2003-08-17,181.6,495.0,0.0,52.0,22.0
2003-08-24,186.9,483.0,0.0,54.2,24.0
2003-08-31,187.0,496.0,0.0,55.0,28.0
2003-09-07,188.5,461.0,0.0,55.5,27.0
2003-09-14,189.7,455.0,0.0,54.6,25.0
2003-09-21,197.6,461.0,0.0,55.4,24.0
2003-09-28,196.1,461.0,0.0,55.6,24.0
2003-10-05,200.6,484.0,0.0,51.6,24.0
2003-10-12,203.7,471.0,0.0,49.5,23.0
2003-10-19,202.9,447.0,0.0,44.8,21.0
2003-10-26,204.6,441.0,0.0,48.0,20.0
2003-11-02,194.7,499.0,19.0,31.700000000000003,15.0
2003-11-09,208.1,475.0,0.0,51.6,19.0
2003-11-16,204.5,505.0,14.5,38.6,18.0
2003-11-23,196.1,566.0,83.39999999999999,27.7,16.0
2003-11-30,195.2,546.0,132.2,42.5,18.0
2003-12-07,198.5,556.0,14.5,28.400000000000002,15.0
2003-12-14,197.1,557.0,24.3,11.5,14.0
2003-12-21,192.3,545.0,46.0,28.0,19.0
2003-12-28,197.1,498.0,9.6,36.9,26.0
2004-01-04,200.3,516.0,21.5,32.4,29.0
2004-01-11,185.5,614.0,117.4,34.8,14.0
2004-01-18,195.2,588.0,175.9,23.5,15.0
2004-01-25,194.2,582.0,41.4,27.8,15.0
2004-02-01,189.2,609.0,140.2,22.0,17.0
2004-02-08,190.3,574.0,65.10000000000001,19.5,27.0
2004-02-15,198.3,523.0,53.099999999999994,39.7,47.0
2004-02-22,189.5,593.0,158.39999999999998,23.5,23.0
2004-02-29,187.6,608.0,280.3,40.6,18.0
2004-03-07,187.7,615.0,231.5,25.6,20.0
2004-03-14,186.6,618.0,186.1,8.8,17.0
2004-03-21,192.2,585.0,98.6,29.8,19.0
2004-03-28,199.9,552.0,67.5,48.9,18.0
2004-04-04,196.5,572.0,27.2,43.6,21.0
2004-04-11,199.7,551.0,1.1,49.0,18.0
2004-04-18,202.7,540.0,11.7,45.3,23.0
2004-04-25,201.2,529.0,26.8,54.4,19.0
2004-05-02,200.0,563.0,46.7,50.6,22.0
2004-05-09,201.8,532.0,5.1,44.6,16.0
2004-05-16,198.8,541.0,47.0,45.1,15.0
2004-05-23,200.5,532.0,17.5,51.3,18.0
2004-05-30,194.2,550.0,13.7,34.0,14.0
2004-06-06,186.5,504.0,0.0,54.8,16.0
2004-06-13,195.5,550.0,40.7,38.9,24.0
2004-06-20,185.3,516.0,0.0,55.5,20.0
2004-06-27,185.2,544.0,29.799999999999997,45.2,18.0
2004-07-04,185.7,557.0,19.0,53.6,25.0
2004-07-11,191.8,542.0,11.9,50.4,22.0
2004-07-18,192.9,540.0,3.9,49.0,29.0
2004-07-25,188.7,525.0,0.0,56.0,24.0
2004-08-01,180.3,519.0,0.0,52.1,21.0
2004-08-08,182.2,523.0,0.0,51.4,17.0
2004-08-15,180.9,513.0,0.0,49.4,18.0
2004-08-22,180.0,528.0,0.0,55.2,22.0
2004-08-29,183.9,516.0,0.0,53.3,19.0
2004-09-05,187.3,524.0,0.0,56.0,23.0
2004-09-12,189.0,504.0,0.0,55.6,20.0
2004-09-19,193.9,508.0,0.0,51.0,24.0
2004-09-26,191.8,508.0,0.0,55.2,28.0
2004-10-03,195.9,490.0,0.0,54.7,34.0
2004-10-10,198.3,476.0,0.0,53.9,27.0
2004-10-17,199.5,458.0,0.0,55.6,25.0
2004-10-24,204.1,476.0,0.0,54.4,31.0
2004-10-31,208.5,481.0,0.0,53.0,35.0
2004-11-07,210.1,476.0,0.0,56.0,30.0
2004-11-14,208.3,500.0,5.0,47.5,26.0
2004-11-21,209.8,480.0,0.0,38.2,26.0
2004-11-28,182.6,585.0,68.6,25.4,17.0
2004-12-05,182.3,610.0,82.4,16.7,22.0
2004-12-12,201.0,550.0,1.2,36.8,21.0
2004-12-19,203.8,553.0,14.8,47.7,18.0
2004-12-26,196.5,580.0,100.8,29.2,23.0
2005-01-02,194.8,558.0,11.799999999999999,9.899999999999999,23.0
2005-01-09,197.3,563.0,52.1,2.6,22.0
2005-01-16,198.4,557.0,34.7,2.1,23.0
2005-01-23,190.1,572.0,47.7,2.6,31.0
2005-01-30,191.9,584.0,53.7,2.6,21.0
2005-02-06,193.1,567.0,76.2,39.9,28.0
2005-02-13,198.0,555.0,44.1,46.2,33.0
2005-02-20,197.9,567.0,88.39999999999999,36.5,19.0
2005-02-27,191.4,601.0,98.2,18.5,17.0
2005-03-06,190.5,589.0,102.7,33.1,25.0
2005-03-13,197.0,544.0,2.8,43.7,30.0
2005-03-20,194.3,589.0,49.5,41.4,17.0
2005-03-27,196.0,581.0,70.4,32.2,24.0
2005-04-03,192.0,622.0,98.0,25.0,15.0
2005-04-10,189.3,607.0,84.3,28.1,14.0
2005-04-17,191.7,589.0,90.8,32.3,17.0
2005-04-24,201.2,536.0,59.0,55.5,31.0
2005-05-01,205.5,545.0,18.5,49.6,44.0
2005-05-08,198.8,569.0,236.6,42.4,34.0
2005-05-15,195.5,539.0,4.0,49.8,38.0
2005-05-22,190.0,516.0,0.0,52.4,39.0
2005-05-29,197.3,525.0,10.8,51.2,40.0
2005-06-05,196.2,549.0,30.0,52.2,45.0
2005-06-12,195.2,559.0,53.1,53.5,50.0
2005-06-19,193.1,590.0,24.6,30.7,31.0
2005-06-26,191.7,592.0,98.0,34.6,33.0
2005-07-03,192.5,550.0,0.0,52.9,35.0
2005-07-10,189.9,571.0,12.4,32.6,29.0
2005-07-17,193.5,575.0,108.5,49.3,30.0
2005-07-24,186.8,518.0,0.0,54.9,29.0
2005-07-31,182.8,529.0,0.0,51.9,27.0
2005-08-07,185.5,521.0,4.0,52.8,24.0
2005-08-14,186.3,540.0,0.0,54.6,27.0
2005-08-21,189.8,517.0,0.5,55.2,28.0
2005-08-28,189.4,498.0,0.0,51.8,23.0
2005-09-04,190.6,496.0,0.0,55.2,24.0
2005-09-11,193.9,482.0,0.0,46.6,23.0
2005-09-18,195.0,484.0,0.0,51.8,26.0
2005-09-25,202.8,487.0,0.0,56.0,28.0
2005-10-02,201.8,481.0,15.2,55.0,24.0
2005-10-09,200.9,471.0,0.0,53.0,23.0
2005-10-16,205.3,498.0,4.4,44.8,21.0
2005-10-23,191.6,575.0,37.900000000000006,25.2,16.0
2005-10-30,201.4,532.0,10.6,41.6,18.0
2005-11-06,205.9,494.0,0.0,50.7,19.0
2005-11-13,207.4,478.0,6.7,53.1,17.0
2005-11-20,203.6,512.0,17.0,48.8,21.0
2005-11-27,196.5,552.0,51.0,25.8,13.0
2005-12-04,190.3,599.0,92.10000000000001,26.3,14.0
2005-12-11,195.9,572.0,2.8,27.3,13.0
2005-12-18,188.1,606.0,111.4,12.2,11.0
2005-12-25,190.0,596.0,116.1,18.3,13.0
2006-01-01,185.9,606.0,85.6,17.9,19.0
2006-01-08,187.8,609.0,185.7,25.2,13.0
2006-01-15,190.2,595.0,74.9,36.7,18.0
2006-01-22,193.4,554.0,13.0,22.1,42.0
2006-01-29,188.1,585.0,83.8,14.5,36.0
2006-02-05,190.0,580.0,174.7,34.4,22.0
2006-02-12,191.6,596.0,264.9,45.6,17.0
2006-02-19,191.6,588.0,121.9,40.8,16.0
2006-02-26,187.7,612.0,312.7,28.1,19.0
2006-03-05,185.7,610.0,58.099999999999994,6.699999999999999,22.0
2006-03-12,190.7,568.0,35.800000000000004,28.6,29.0
2006-03-19,192.0,582.0,60.4,30.700000000000003,27.0
2006-03-26,192.9,593.0,73.1,27.8,32.0
2006-04-02,191.0,575.0,167.0,21.0,28.0
2006-04-09,195.1,554.0,54.5,34.8,28.0
2006-04-16,194.5,579.0,51.5,45.6,19.0
2006-04-23,192.7,599.0,17.7,29.4,15.0
2006-04-30,195.5,566.0,55.1,42.8,19.0
2006-05-07,193.2,586.0,34.4,32.7,16.0
2006-05-14,193.7,561.0,138.3,50.1,19.0
2006-05-21,195.0,538.0,0.0,48.9,21.0
2006-05-28,190.2,590.0,38.4,26.4,21.0
2006-06-04,192.8,578.0,17.4,41.3,26.0
2006-06-11,186.1,537.0,0.0,44.4,23.0
2006-06-18,185.7,531.0,0.0,54.2,19.0
2006-06-25,186.7,526.0,0.0,47.7,17.0
2006-07-02,181.8,527.0,0.0,52.699999999999996,20.0
2006-07-09,183.5,537.0,0.0,56.0,24.0
2006-07-16,177.4,514.0,0.0,53.2,19.0
2006-07-23,180.7,537.0,0.0,55.8,25.0
2006-07-30,184.1,529.0,0.0,56.0,24.0
2006-08-06,177.3,520.0,0.0,55.6,27.0
2006-08-13,179.2,495.0,0.0,55.9,24.0
2006-08-20,189.1,521.0,0.0,54.4,32.0
2006-08-27,185.4,493.0,0.0,55.5,27.0
2006-09-03,179.3,496.0,0.0,56.0,30.0
2006-09-10,181.7,491.0,0.0,56.0,29.0
2006-09-17,187.4,485.0,0.0,56.0,29.0
2006-09-24,185.0,475.0,0.0,53.9,25.0
2006-10-01,189.6,478.0,0.0,54.2,24.0
2006-10-08,196.3,464.0,0.0,52.5,29.0
2006-10-15,195.3,463.0,0.0,54.2,26.0
2006-10-22,198.5,473.0,0.0,56.0,34.0
2006-10-29,201.4,460.0,0.0,55.7,32.0
2006-11-05,204.1,459.0,0.0,49.5,26.0
2006-11-12,207.9,471.0,0.0,50.8,25.0
2006-11-19,208.7,473.0,0.0,55.5,30.0
2006-11-26,213.3,467.0,0.0,52.3,30.0
2006-12-03,209.1,494.0,52.1,44.1,21.0
2006-12-10,207.2,514.0,30.7,40.1,17.0
2006-12-17,205.4,536.0,32.1,35.7,16.0
2006-12-24,200.0,562.0,13.799999999999999,17.5,15.0
2006-12-31,196.6,555.0,50.4,19.5,26.0
2007-01-07,201.1,477.0,14.2,42.8,33.0
2007-01-14,202.4,516.0,0.0,48.4,22.0
2007-01-21,197.4,545.0,43.3,38.1,22.0
2007-01-28,196.3,568.0,53.1,30.5,23.0
2007-02-04,190.5,580.0,199.89999999999998,31.4,35.0
2007-02-11,194.3,571.0,76.10000000000001,32.4,31.0
2007-02-18,195.1,573.0,7.4,33.7,22.0
2007-02-25,188.5,607.0,136.1,21.7,20.0
2007-03-04,192.6,585.0,171.4,28.8,35.0
2007-03-11,192.6,574.0,83.6,28.5,44.0
2007-03-18,190.3,575.0,109.5,23.8,22.0
2007-03-25,190.2,582.0,47.8,17.5,25.0
2007-04-01,191.8,599.0,34.2,24.4,21.0
2007-04-08,198.4,574.0,28.6,42.3,29.0
2007-04-15,196.4,578.0,47.900000000000006,39.5,24.0
2007-04-22,192.6,611.0,39.4,30.0,19.0
2007-04-29,192.9,594.0,75.30000000000001,33.1,22.0
2007-05-06,202.5,537.0,0.0,47.4,26.0
2007-05-13,203.4,533.0,0.9,50.0,34.0
2007-05-20,198.9,579.0,12.9,33.599999999999994,28.0
2007-05-27,200.6,543.0,6.8,55.3,33.0
2007-06-03,197.2,573.0,8.7,47.3,34.0
2007-06-10,198.3,542.0,0.0,44.7,31.0
2007-06-17,189.5,515.0,0.0,53.6,27.0
2007-06-24,188.3,562.0,21.4,31.8,22.0
2007-07-01,190.2,567.0,38.2,39.2,26.0
2007-07-08,187.6,540.0,0.0,54.6,32.0
2007-07-15,184.9,537.0,1.4,54.8,33.0
2007-07-22,195.2,533.0,0.0,49.7,40.0
2007-07-29,182.9,514.0,0.0,54.0,27.0
2007-08-05,181.3,509.0,0.0,55.0,33.0
2007-08-12,184.2,517.0,0.0,52.4,31.0
2007-08-19,189.5,509.0,0.0,55.3,32.0
2007-08-26,188.3,514.0,0.0,52.5,33.0
2007-09-02,182.4,503.0,0.0,56.0,30.0
2007-09-09,191.2,498.0,0.0,48.3,30.0
2007-09-16,183.9,480.0,0.0,53.7,33.0
2007-09-23,193.29999999999998,481.0,0.0,54.4,32.0
2007-09-30,194.2,471.0,0.0,52.9,30.0
2007-10-07,196.7,492.0,0.0,53.5,37.0
2007-10-14,202.5,478.0,0.0,53.1,34.0
2007-10-21,202.5,470.0,0.0,53.1,34.0
2007-10-28,205.5,482.0,0.0,48.8,33.0
2007-11-04,196.3,554.0,53.7,30.6,26.0
2007-11-11,201.7,528.0,13.8,41.5,24.0
2007-11-18,203.6,518.0,5.0,42.8,23.0
2007-11-25,203.6,481.0,0.0,50.6,25.0
2007-12-02,204.7,509.0,17.3,44.7,25.0
2007-12-09,197.5,562.0,57.7,35.0,20.0
2007-12-16,199.70000000000002,554.0,4.0,34.9,26.0
2007-12-23,187.8,589.0,73.5,23.2,27.0
2007-12-30,188.8,577.0,57.9,13.6,38.0
2008-01-06,190.2,572.0,74.9,23.5,41.0
2008-01-13,196.2,530.0,17.0,36.6,25.0
2008-01-20,191.6,571.0,28.3,26.1,32.0
2008-01-27,197.2,567.0,85.3,44.5,27.0
2008-02-03,191.4,591.0,79.7,32.1,28.0
2008-02-10,190.2,572.0,56.0,25.8,49.0
2008-02-17,186.9,568.0,25.5,23.4,53.0
2008-02-24,190.1,548.0,0.0,15.5,40.0
2008-03-02,182.9,624.0,114.39999999999999,18.7,21.0
2008-03-09,188.3,595.0,48.1,27.8,17.0
2008-03-16,191.5,592.0,103.5,31.9,19.0
2008-03-23,186.7,601.0,60.0,36.7,18.0
2008-03-30,187.0,613.0,34.9,18.099999999999998,19.0
2008-04-06,189.6,572.0,20.6,29.5,18.0
2008-04-13,191.4,582.0,87.39999999999999,29.6,24.0
2008-04-20,196.2,535.0,0.0,52.2,27.0
2008-04-27,194.2,587.0,28.400000000000002,32.5,22.0
2008-05-04,195.4,571.0,11.3,37.3,23.0
2008-05-11,193.0,542.0,10.8,46.8,23.0
2008-05-18,190.0,511.0,0.0,51.4,24.0
2008-05-25,198.2,517.0,0.0,51.3,26.0
2008-06-01,192.3,528.0,0.0,53.2,24.0
2008-06-08,188.3,518.0,0.0,52.8,21.0
2008-06-15,191.3,551.0,2.8,30.9,29.0
2008-06-22,183.5,520.0,0.0,55.2,27.0
2008-06-29,188.2,548.0,0.9,55.1,29.0
2008-07-06,186.1,511.0,0.0,52.7,25.0
2008-07-13,184.2,510.0,0.0,50.4,31.0
2008-07-20,181.2,511.0,0.0,56.0,28.0
2008-07-27,178.8,505.0,0.0,52.9,23.0
2008-08-03,180.0,516.0,0.0,54.3,31.0
2008-08-10,181.7,508.0,0.0,53.7,31.0
2008-08-17,190.8,521.0,0.0,46.5,29.0
2008-08-24,189.4,509.0,0.0,53.8,31.0
2008-08-31,195.3,511.0,0.0,54.4,29.0
2008-09-07,195.3,498.0,0.0,52.1,29.0
2008-09-14,196.3,496.0,0.0,50.4,34.0
2008-09-21,197.0,476.0,0.0,54.6,26.0
2008-09-28,198.2,467.0,0.0,54.8,34.0
2008-10-05,200.2,481.0,0.0,49.5,31.0
2008-10-12,204.7,487.0,0.0,45.6,38.0
2008-10-19,209.6,478.0,0.0,51.1,28.0
2008-10-26,209.6,489.0,0.0,39.7,26.0
2008-11-02,200.1,548.0,63.0,41.2,28.0
2008-11-09,195.7,580.0,54.1,25.2,22.0
2008-11-16,198.0,567.0,18.1,30.0,20.0
2008-11-23,193.8,598.0,55.8,23.7,19.0
2008-11-30,196.1,587.0,63.2,33.6,23.0
2008-12-07,201.2,532.0,6.5,18.3,22.0
2008-12-14,185.7,612.0,115.9,15.9,21.0
2008-12-21,188.2,600.0,229.0,29.1,22.0
2008-12-28,194.7,553.0,13.9,27.9,23.0
2009-01-04,193.1,570.0,17.4,19.8,21.0
2009-01-11,186.3,586.0,180.89999999999998,25.1,25.0
2009-01-18,186.2,576.0,43.6,26.8,42.0
2009-01-25,191.4,574.0,96.0,41.3,27.0
2009-02-01,187.9,598.0,75.1,27.5,31.0
2009-02-08,182.3,603.0,90.3,19.7,41.0
2009-02-15,188.2,578.0,165.0,28.8,24.0
2009-02-22,185.6,601.0,259.1,32.0,20.0
2009-03-01,184.9,609.0,139.0,21.0,23.0
2009-03-08,189.9,612.0,74.2,20.7,19.0
2009-03-15,196.3,544.0,17.4,48.0,17.0
2009-03-22,198.9,556.0,8.8,36.9,22.0
2009-03-29,198.5,542.0,16.4,46.3,21.0
2009-04-05,193.5,582.0,35.2,24.5,18.0
2009-04-12,206.3,516.0,0.0,49.5,26.0
2009-04-19,201.8,551.0,18.1,38.8,18.0
2009-04-26,195.6,566.0,73.4,35.4,17.0
2009-05-03,198.8,521.0,23.5,53.7,21.0
2009-05-10,198.1,558.0,19.3,40.4,18.0
2009-05-17,189.3,591.0,104.80000000000001,32.1,20.0
2009-05-24,191.2,605.0,115.3,36.6,17.0
2009-05-31,193.7,567.0,120.7,28.0,21.0
2009-06-07,196.7,558.0,54.0,40.6,28.0
2009-06-14,191.9,562.0,43.0,40.6,25.0
2009-06-21,193.1,537.0,12.6,40.2,27.0
2009-06-28,189.0,526.0,0.0,54.7,21.0
2009-07-05,190.5,521.0,0.6,54.1,24.0
2009-07-12,184.7,506.0,0.0,53.4,23.0
2009-07-19,184.6,518.0,0.0,54.7,23.0
2009-07-26,189.4,539.0,0.0,48.3,25.0
2009-08-02,183.1,500.0,0.0,55.0,25.0
2009-08-09,185.4,520.0,0.0,54.5,25.0
2009-08-16,192.1,531.0,0.0,50.0,27.0
2009-08-23,188.2,507.0,0.0,55.8,26.0
2009-08-30,184.29999999999998,486.0,0.0,54.1,25.0
2009-09-06,193.2,479.0,0.0,54.5,24.0
2009-09-13,198.2,478.0,0.0,55.8,28.0
2009-09-20,200.2,482.0,0.0,55.9,30.0
2009-09-27,199.0,452.0,0.0,54.5,27.0
2009-10-04,200.4,452.0,0.0,50.4,28.0
2009-10-11,202.1,465.0,0.0,54.9,32.0
2009-10-18,203.3,456.0,0.0,52.8,29.0
2009-10-25,204.7,483.0,0.0,44.3,32.0
2009-11-01,206.6,436.0,0.0,54.8,30.0
2009-11-08,212.7,436.0,0.0,51.5,37.0
2009-11-15,212.3,472.0,0.0,38.7,31.0
2009-11-22,200.4,523.0,22.1,26.0,26.0
2009-11-29,203.2,513.0,4.6,41.7,28.0
2009-12-06,210.8,489.0,1.0,54.7,22.0
2009-12-13,209.8,486.0,6.5,47.3,24.0
2009-12-20,203.6,504.0,104.1,33.1,24.0
2009-12-27,197.6,559.0,51.800000000000004,31.099999999999998,24.0
2010-01-03,196.8,566.0,63.300000000000004,25.2,26.0
2010-01-10,189.9,588.0,65.8,16.9,30.0
2010-01-17,191.7,556.0,15.7,20.8,43.0
2010-01-24,189.0,582.0,299.8,20.6,24.0
2010-01-31,188.8,593.0,144.8,27.9,25.0
2010-02-07,189.9,604.0,118.89999999999999,33.7,24.0
2010-02-14,196.4,578.0,42.8,36.8,29.0
2010-02-21,193.7,577.0,258.8,37.2,25.0
2010-02-28,195.6,582.0,67.1,22.5,26.0
2010-03-07,197.0,582.0,40.3,36.0,25.0
2010-03-14,198.20000000000002,553.0,73.5,40.2,27.0
2010-03-21,199.2,558.0,39.5,38.7,22.0
2010-03-28,198.9,567.0,152.9,39.5,23.0
2010-04-04,193.0,595.0,47.2,21.5,23.0
2010-04-11,192.3,605.0,116.8,18.5,24.0
2010-04-18,194.4,607.0,79.6,19.7,23.0
2010-04-25,195.5,597.0,65.8,34.1,23.0
2010-05-02,199.2,582.0,105.9,38.2,24.0
2010-05-09,200.9,571.0,50.9,24.0,29.0
2010-05-16,192.2,629.0,188.7,13.3,25.0
2010-05-23,202.0,568.0,94.6,35.7,24.0
2010-05-30,197.8,579.0,37.3,29.8,22.0
2010-06-06,202.1,557.0,18.3,45.3,28.0
2010-06-13,192.2,597.0,63.4,20.4,23.0
2010-06-20,194.3,573.0,8.6,32.7,23.0
2010-06-27,194.4,535.0,0.0,43.5,29.0
2010-07-04,198.4,547.0,1.7,52.2,25.0
2010-07-11,195.1,562.0,28.2,40.4,22.0
2010-07-18,198.2,530.0,11.0,41.5,25.0
2010-07-25,191.9,501.0,0.0,49.2,24.0
2010-08-01,192.5,546.0,94.9,45.3,26.0
2010-08-08,193.4,518.0,0.0,52.6,25.0
2010-08-15,197.6,529.0,2.2,49.7,27.0
2010-08-22,193.5,543.0,0.1,50.6,23.0
2010-08-29,198.0,535.0,13.2,50.4,27.0
2010-09-05,199.7,502.0,0.0,54.1,27.0
2010-09-12,189.2,589.0,27.900000000000002,24.9,22.0
2010-09-19,196.8,545.0,66.7,38.1,26.0
2010-09-26,197.8,559.0,34.699999999999996,35.7,30.0
2010-10-03,205.4,503.0,4.0,50.0,29.0
2010-10-10,196.7,543.0,100.2,26.8,25.0
2010-10-17,194.8,541.0,112.5,32.5,24.0
2010-10-24,201.1,537.0,14.2,36.5,26.0
2010-10-31,201.1,544.0,45.3,32.4,25.0
2010-11-07,193.6,578.0,65.5,24.3,22.0
2010-11-14,205.0,523.0,28.7,45.4,29.0
2010-11-21,207.7,504.0,3.4,47.8,24.0
2010-11-28,201.0,543.0,16.6,29.0,25.0
2010-12-05,190.4,590.0,134.7,25.3,23.0
2010-12-12,190.9,573.0,12.1,9.700000000000001,26.0
2010-12-19,193.3,562.0,30.0,10.2,34.0
2010-12-26,188.8,570.0,60.2,20.6,27.0
2011-01-02,189.6,572.0,39.1,6.5,27.0
2011-01-09,189.7,578.0,43.2,22.4,31.0
2011-01-16,190.6,548.0,51.3,21.4,42.0
2011-01-23,188.4,558.0,29.599999999999998,18.2,36.0
2011-01-30,189.7,572.0,31.2,33.8,31.0
2011-02-06,184.6,579.0,112.3,16.5,33.0
2011-02-13,188.7,577.0,26.7,20.0,27.0
2011-02-20,189.6,557.0,39.8,37.2,34.0
2011-02-27,186.9,574.0,65.9,21.0,33.0
2011-03-06,190.5,560.0,81.7,31.6,32.0
2011-03-13,187.4,593.0,114.7,28.2,25.0
2011-03-20,193.2,571.0,46.8,27.599999999999998,24.0
2011-03-27,187.5,595.0,128.1,32.2,31.0
2011-04-03,188.7,585.0,192.9,22.599999999999998,27.0
2011-04-10,191.6,580.0,82.7,27.7,25.0
2011-04-17,188.5,589.0,114.1,23.2,24.0
2011-04-24,194.5,565.0,163.0,43.1,25.0
2011-05-01,194.7,577.0,124.2,37.1,23.0
2011-05-08,191.9,586.0,45.900000000000006,28.3,20.0
2011-05-15,195.0,579.0,91.0,44.2,24.0
2011-05-22,198.2,536.0,17.9,54.5,25.0
2011-05-29,192.3,525.0,0.0,55.4,24.0
2011-06-05,197.3,538.0,30.8,34.8,30.0
2011-06-12,182.6,522.0,0.0,55.0,24.0
2011-06-19,176.6,504.0,0.0,55.0,25.0
2011-06-26,180.5,520.0,0.0,51.4,26.0
2011-07-03,185.6,533.0,0.5,43.9,26.0
2011-07-10,182.9,522.0,23.7,54.9,27.0
2011-07-17,192.5,536.0,1.5,55.2,28.0
2011-07-24,187.5,537.0,5.5,55.6,27.0
2011-07-31,183.6,502.0,0.0,45.8,31.0
2011-08-07,183.2,511.0,0.0,51.5,28.0
2011-08-14,184.9,523.0,0.0,54.3,26.0
2011-08-21,184.79999999999998,507.0,0.0,55.4,28.0
2011-08-28,183.0,477.0,0.0,54.8,27.0
2011-09-04,187.9,508.0,0.0,51.3,26.0
2011-09-11,188.7,491.0,0.0,52.8,30.0
2011-09-18,192.5,513.0,0.0,52.7,31.0
2011-09-25,192.0,480.0,0.0,56.0,25.0
2011-10-02,191.2,475.0,0.0,55.2,27.0
2011-10-09,189.7,462.0,0.0,51.5,29.0
2011-10-16,196.5,466.0,0.0,53.0,29.0
2011-10-23,204.3,483.0,0.0,55.1,32.0
2011-10-30,207.9,490.0,9.7,54.4,28.0
2011-11-06,198.4,515.0,14.6,33.8,24.0
2011-11-13,194.0,551.0,82.6,33.8,25.0
2011-11-20,198.7,536.0,57.5,43.0,23.0
2011-11-27,199.1,530.0,81.6,44.9,28.0
2011-12-04,200.2,559.0,38.6,32.3,26.0
2011-12-11,193.0,563.0,58.8,24.2,23.0
2011-12-18,193.4,578.0,85.0,29.4,26.0
2011-12-25,193.9,590.0,109.6,23.0,27.0
2012-01-01,194.8,559.0,160.10000000000002,24.7,22.0
2012-01-08,187.6,539.0,0.0,56.0,21.0
2012-01-15,185.5,546.0,72.69999999999999,48.9,25.0
2012-01-22,188.6,544.0,158.4,32.6,29.0
2012-01-29,192.3,514.0,30.2,46.0,41.0
2012-02-05,183.1,557.0,162.3,25.5,26.0
2012-02-12,191.0,528.0,70.3,42.7,29.0
2012-02-19,197.8,483.0,19.8,38.9,23.0
2012-02-26,196.6,498.0,17.6,37.4,24.0
2012-03-04,192.4,515.0,56.2,19.5,24.0
2012-03-11,188.3,543.0,51.9,10.6,32.0
2012-03-18,189.7,551.0,70.1,12.7,41.0
2012-03-25,192.8,505.0,22.7,35.7,25.0
2012-04-01,196.7,484.0,27.1,45.4,43.0
2012-04-08,192.8,516.0,70.1,37.6,25.0
2012-04-15,202.3,471.0,12.5,51.5,26.0
2012-04-22,200.5,486.0,5.3,50.4,26.0
2012-04-29,200.1,475.0,20.4,47.1,25.0
2012-05-06,198.0,500.0,11.1,46.8,26.0
2012-05-13,194.9,478.0,28.0,39.2,25.0
2012-05-20,197.7,528.0,76.0,38.9,26.0
2012-05-27,191.9,425.0,0.0,54.2,29.0
2012-06-03,192.1,463.0,0.4,43.4,26.0
2012-06-10,194.0,496.0,6.5,46.9,28.0
2012-06-17,188.4,468.0,55.3,47.0,26.0
2012-06-24,188.7,460.0,5.9,47.7,27.0
2012-07-01,183.4,446.0,0.0,56.0,24.0
2012-07-08,184.6,447.0,0.0,44.4,26.0
2012-07-15,187.3,448.0,0.0,51.2,25.0
2012-07-22,185.0,449.0,0.0,44.6,26.0
2012-07-29,181.1,420.0,0.0,56.0,28.0
2012-08-05,182.8,431.0,0.0,55.3,30.0
2012-08-12,184.8,421.0,0.0,56.0,29.0
2012-08-19,182.8,403.0,0.0,56.0,29.0
2012-08-26,181.29999999999998,407.0,0.0,55.7,28.0
2012-09-02,187.7,405.0,0.0,47.3,31.0
2012-09-09,189.5,414.0,0.0,56.0,30.0
2012-09-16,191.3,398.0,0.0,54.1,29.0
2012-09-23,195.8,388.0,0.0,56.0,31.0
2012-09-30,196.4,395.0,0.0,54.4,26.0
2012-10-07,201.7,400.0,0.0,51.8,28.0
2012-10-14,206.7,411.0,1.0,53.0,32.0
2012-10-21,207.6,413.0,1.1,52.1,30.0
2012-10-28,207.0,385.0,0.0,54.3,29.0
2012-11-04,211.4,414.0,0.0,46.5,27.0
2012-11-11,213.1,405.0,0.0,50.5,26.0
2012-11-18,210.4,425.0,4.4,43.9,28.0
2012-11-25,201.1,476.0,7.7,29.700000000000003,27.0
2012-12-02,206.0,475.0,47.1,47.2,25.0
2012-12-09,197.7,505.0,41.1,24.6,23.0
2012-12-16,195.1,519.0,20.1,23.4,27.0
2012-12-23,198.1,497.0,65.5,30.3,25.0
2012-12-30,193.6,554.0,43.1,20.1,24.0
2013-01-06,188.4,544.0,58.2,52.6,23.0
2013-01-13,187.7,537.0,18.5,55.5,23.0
2013-01-20,186.0,561.0,166.8,36.6,26.0
2013-01-27,190.4,517.0,68.0,44.9,43.0
2013-02-03,186.2,553.0,163.10000000000002,24.0,27.0
2013-02-10,188.3,528.0,77.5,39.8,29.0
2013-02-17,198.7,476.0,18.8,45.7,24.0
2013-02-24,195.1,509.0,3.8,29.0,24.0
2013-03-03,193.4,501.0,71.0,27.9,24.0
2013-03-10,190.7,526.0,50.199999999999996,13.4,30.0
2013-03-17,187.6,568.0,71.8,13.3,43.0
2013-03-24,192.0,507.0,22.7,29.6,26.0
2013-03-31,197.6,479.0,10.0,45.9,42.0
2013-04-07,192.8,521.0,71.4,36.7,25.0
2013-04-14,200.7,469.0,19.1,52.2,26.0
2013-04-21,202.0,488.0,14.5,50.8,26.0
2013-04-28,199.7,470.0,9.0,48.8,25.0
2013-05-05,198.3,501.0,22.5,45.8,26.0
2013-05-12,194.4,480.0,28.0,41.7,25.0
2013-05-19,197.5,532.0,76.0,33.3,26.0
2013-05-26,192.9,432.0,0.0,54.2,29.0
2013-06-02,193.4,507.0,0.4,40.3,22.0
2013-06-09,196.0,602.0,0.0,29.400000000000002,14.0
2013-06-16,196.0,602.0,0.0,29.400000000000002,14.0
2013-06-23,198.0,586.0,41.5,40.2,12.0
2013-06-30,198.2,560.0,1.0,54.3,22.0
2013-07-07,187.6,586.0,55.300000000000004,29.5,22.0
2013-07-14,190.0,580.0,34.1,38.1,17.0
2013-07-21,187.4,552.0,19.0,36.3,17.0
2013-07-28,194.1,546.0,0.8,61.3,28.0
2013-08-04,183.9,513.0,0.0,62.1,22.0
2013-08-11,188.7,522.0,0.0,61.9,22.0
2013-08-18,187.0,507.0,0.0,65.1,24.0
2013-08-25,188.4,494.0,0.0,68.0,24.0
2013-09-01,195.0,513.0,0.6,69.2,27.0
2013-09-08,193.9,503.0,0.2,67.4,28.0
2013-09-15,192.8,485.0,0.0,62.8,26.0
2013-09-22,194.4,492.0,0.0,63.0,21.0
2013-09-29,194.2,487.0,0.0,63.2,22.0
2013-10-06,198.0,479.0,0.0,63.9,23.0
2013-10-13,202.8,460.0,0.0,63.8,23.0
2013-10-20,207.2,491.0,3.4,62.6,28.0
2013-10-27,211.3,468.0,0.0,66.0,22.0
2013-11-03,207.0,481.0,0.2,48.0,18.0
2013-11-10,210.5,481.0,0.0,55.3,23.0
2013-11-17,198.6,552.0,5.3,35.699999999999996,19.0
2013-11-24,197.2,541.0,12.9,23.6,19.0
2013-12-01,193.6,563.0,89.80000000000001,26.8,18.0
2013-12-08,200.3,559.0,87.5,38.2,17.0
2013-12-15,191.8,600.0,48.8,26.1,16.0
2013-12-22,184.5,628.0,154.5,16.9,18.0
2013-12-29,196.0,531.0,66.4,31.5,21.0
2014-01-05,189.7,571.0,218.6,26.3,22.0
2014-01-12,192.5,595.0,42.8,33.9,15.0
2014-01-19,192.9,550.0,3.6,26.1,36.0
2014-01-26,186.4,577.0,11.8,34.5,36.0
2014-02-02,189.8,579.0,59.1,36.4,37.0
2014-02-09,193.2,575.0,39.6,29.3,29.0
2014-02-16,189.5,584.0,69.9,29.2,24.0
2014-02-23,186.3,598.0,111.30000000000001,33.6,20.0
2014-03-02,193.2,567.0,83.7,46.9,19.0
2014-03-09,192.8,584.0,145.1,39.3,15.0
2014-03-16,193.5,586.0,178.6,40.1,18.0
2014-03-23,195.9,576.0,51.1,34.9,14.0
2014-03-30,200.7,539.0,67.3,50.9,17.0
2014-04-06,204.9,536.0,16.3,54.0,17.0
2014-04-13,191.7,585.0,51.5,31.299999999999997,15.0
2014-04-20,195.9,575.0,26.9,41.9,14.0
2014-04-27,198.7,588.0,164.8,44.2,14.0
2014-05-04,205.0,553.0,34.8,44.8,18.0
2014-05-11,207.3,535.0,17.8,55.7,23.0
2014-05-18,201.8,553.0,46.5,49.2,21.0
2014-05-25,202.0,554.0,32.8,55.2,18.0
2014-06-01,200.9,538.0,1.5,59.0,20.0
2014-06-08,201.5,531.0,2.2,62.3,21.0
2014-06-15,199.4,554.0,34.4,52.3,18.0
2014-06-22,199.1,566.0,164.3,50.6,23.0
2014-06-29,199.5,544.0,0.0,56.5,25.0
2014-07-06,195.3,536.0,6.1000000000000005,60.400000000000006,28.0
2014-07-13,194.7,543.0,0.8,53.7,22.0
2014-07-20,188.3,529.0,1.8,50.4,20.0
2014-07-27,192.0,544.0,40.0,49.0,24.0
2014-08-03,191.6,542.0,0.0,58.0,27.0
2014-08-10,196.6,519.0,0.0,64.1,31.0
2014-08-17,186.9,502.0,0.0,64.5,23.0
2014-08-24,189.9,513.0,0.0,65.5,24.0
2014-08-31,186.2,503.0,0.0,65.9,25.0
2014-09-07,188.3,497.0,0.0,60.300000000000004,26.0
2014-09-14,189.1,466.0,0.0,66.3,23.0
2014-09-21,191.6,487.0,0.0,64.7,25.0
2014-09-28,193.1,460.0,0.0,65.9,23.0
2014-10-05,197.5,470.0,0.0,65.2,23.0
2014-10-12,199.7,459.0,0.0,64.0,22.0
2014-10-19,203.5,474.0,0.0,60.1,28.0
2014-10-26,206.2,465.0,0.0,67.9,27.0
2014-11-02,206.4,467.0,0.0,69.2,24.0
2014-11-09,211.0,466.0,2.6,66.0,21.0
2014-11-16,208.4,475.0,9.0,51.7,20.0
2014-11-23,211.3,500.0,21.8,57.3,20.0
2014-11-30,204.6,536.0,48.0,30.9,17.0
2014-12-07,192.5,576.0,73.2,18.3,17.0
2014-12-14,196.9,561.0,41.1,30.2,19.0
2014-12-21,196.6,580.0,141.4,37.8,16.0
2014-12-28,197.6,578.0,71.3,40.199999999999996,13.0
2015-01-04,193.70000000000002,572.0,73.3,22.0,19.0
2015-01-11,199.9,525.0,68.3,42.2,24.0
2015-01-18,192.3,579.0,88.3,36.2,19.0
2015-01-25,189.1,594.0,162.2,24.5,21.0
2015-02-01,190.8,583.0,139.7,36.8,24.0
2015-02-08,189.5,588.0,248.3,48.4,17.0
2015-02-15,191.7,584.0,69.7,34.6,21.0
2015-02-22,191.4,581.0,102.8,49.3,20.0
2015-03-01,192.1,597.0,97.60000000000001,32.1,17.0
2015-03-08,187.8,590.0,129.4,32.699999999999996,23.0
2015-03-15,195.5,569.0,97.2,26.5,23.0
2015-03-22,195.6,576.0,247.0,39.3,18.0
2015-03-29,200.1,567.0,15.899999999999999,46.5,16.0
2015-04-05,200.9,561.0,60.099999999999994,48.9,19.0
2015-04-12,195.4,574.0,62.2,46.9,17.0
2015-04-19,196.1,584.0,67.0,39.4,16.0
2015-04-26,194.1,579.0,40.0,36.9,19.0
2015-05-03,189.3,610.0,80.4,19.5,14.0
2015-05-10,196.4,539.0,18.0,48.4,20.0
2015-05-17,203.9,525.0,0.0,60.7,29.0
2015-05-24,192.1,533.0,21.1,67.6,21.0
2015-05-31,200.6,545.0,82.3,63.0,25.0
2015-06-07,203.3,523.0,0.0,63.400000000000006,23.0
2015-06-14,195.3,526.0,0.0,51.8,21.0
2015-06-21,189.1,517.0,0.0,65.5,19.0
2015-06-28,188.8,523.0,0.0,62.5,20.0
2015-07-05,184.3,505.0,0.0,60.9,21.0
2015-07-12,186.0,523.0,0.0,52.4,29.0
2015-07-19,192.8,523.0,0.0,62.900000000000006,35.0
2015-07-26,189.2,536.0,1.6,62.6,27.0
2015-08-02,188.4,520.0,0.0,56.5,26.0
2015-08-09,187.6,529.0,17.900000000000002,57.7,28.0
2015-08-16,195.4,520.0,0.0,65.4,35.0
2015-08-23,182.9,512.0,0.0,66.0,26.0
2015-08-30,189.7,506.0,0.0,67.1,24.0
2015-09-06,190.4,490.0,0.0,67.5,24.0
2015-09-13,190.9,487.0,0.0,65.8,27.0
2015-09-20,192.9,484.0,0.0,63.7,28.0
2015-09-27,194.9,476.0,0.0,66.0,27.0
2015-10-04,198.5,496.0,0.0,62.3,32.0
2015-10-11,198.4,476.0,0.0,62.8,28.0
2015-10-18,201.2,470.0,0.0,65.7,27.0
2015-10-25,200.5,463.0,0.0,63.8,30.0
2015-11-01,207.9,463.0,0.0,60.6,27.0
2015-11-08,212.9,467.0,0.0,58.5,23.0
2015-11-15,212.1,486.0,0.0,56.8,21.0
2015-11-22,216.7,461.0,0.0,70.1,24.0
2015-11-29,212.0,509.0,52.6,52.8,18.0
2015-12-06,209.2,525.0,17.4,49.3,19.0
2015-12-13,208.9,535.0,57.7,43.3,19.0
2015-12-20,194.5,572.0,18.1,13.799999999999999,24.0
2015-12-27,202.7,534.0,11.4,42.3,22.0
2016-01-03,201.9,557.0,28.2,47.1,16.0
2016-01-10,209.5,530.0,12.4,65.6,16.0
2016-01-17,209.6,527.0,12.7,59.5,18.0
2016-01-24,192.8,611.0,111.1,30.9,15.0
2016-01-31,197.7,569.0,30.9,29.8,23.0
2016-02-07,195.4,585.0,141.5,23.6,19.0
2016-02-14,193.0,599.0,173.70000000000002,14.7,15.0
2016-02-21,197.1,586.0,111.7,43.5,15.0
2016-02-28,192.29999999999998,593.0,213.0,38.4,18.0
2016-03-06,195.6,590.0,51.0,36.2,20.0
2016-03-13,204.6,570.0,32.1,39.7,14.0
2016-03-20,204.0,563.0,53.9,37.9,14.0
2016-03-27,205.0,564.0,66.7,50.8,15.0
2016-04-03,198.5,588.0,116.2,32.2,14.0
2016-04-10,202.3,580.0,128.3,42.0,16.0
2016-04-17,202.3,585.0,32.5,38.3,17.0
2016-04-24,205.2,552.0,6.0,47.2,22.0
2016-05-01,208.9,529.0,0.2,55.9,20.0
2016-05-08,205.0,575.0,129.4,45.7,14.0
2016-05-15,208.8,560.0,45.599999999999994,49.8,19.0
2016-05-22,206.8,551.0,105.8,54.3,16.0
2016-05-29,205.5,545.0,19.9,55.5,21.0
2016-06-05,200.8,563.0,92.7,41.2,17.0
2016-06-12,204.2,551.0,5.3999999999999995,50.4,20.0
2016-06-19,195.9,590.0,55.599999999999994,37.800000000000004,16.0
2016-06-26,197.8,562.0,43.0,45.5,16.0
2016-07-03,193.4,593.0,68.5,35.5,17.0
2016-07-10,201.1,547.0,0.2,65.3,25.0
2016-07-17,197.0,593.0,56.3,40.4,20.0
2016-07-24,192.4,595.0,83.1,40.8,16.0
2016-07-31,196.8,530.0,69.7,57.900000000000006,24.0
2016-08-07,193.7,549.0,88.5,52.7,18.0
2016-08-14,198.0,539.0,6.1,52.1,23.0
2016-08-21,197.4,514.0,0.0,57.5,23.0
2016-08-28,195.2,523.0,6.1,59.4,23.0
2016-09-04,204.5,516.0,1.9,64.0,27.0
2016-09-11,204.3,502.0,2.0,60.2,26.0
2016-09-18,204.6,513.0,13.6,57.3,23.0
2016-09-25,202.5,554.0,122.19999999999999,50.8,19.0
2016-10-02,197.3,567.0,126.8,39.8,15.0
2016-10-09,200.2,567.0,141.1,35.2,19.0
2016-10-16,199.8,556.0,142.0,32.4,19.0
2016-10-23,201.1,542.0,9.3,51.9,21.0
2016-10-30,197.4,564.0,75.1,37.2,14.0
2016-11-06,211.1,511.0,3.6,55.3,14.0
2016-11-13,199.6,554.0,40.4,38.7,15.0
2016-11-20,201.8,562.0,20.6,36.8,13.0
2016-11-27,200.3,571.0,30.5,43.9,16.0
2016-12-04,195.2,589.0,73.9,34.5,13.0
2016-12-11,196.6,576.0,38.099999999999994,14.5,18.0
2016-12-18,194.0,576.0,10.5,19.1,22.0
2016-12-25,204.4,526.0,28.8,42.2,32.0
2017-01-01,196.7,578.0,120.3,36.9,18.0
2017-01-08,198.8,569.0,33.7,33.6,21.0
2017-01-15,194.2,581.0,60.4,43.5,20.0
2017-01-22,189.4,603.0,158.1,19.3,14.0
2017-01-29,189.1,596.0,80.0,26.7,28.0
2017-02-05,192.5,564.0,68.1,19.0,30.0
2017-02-12,193.7,564.0,10.0,29.2,40.0
2017-02-19,191.3,599.0,113.5,38.0,18.0
2017-02-26,196.3,575.0,19.8,36.8,16.0
2017-03-05,197.8,566.0,88.9,42.4,13.0
2017-03-12,196.5,561.0,9.2,29.6,16.0
2017-03-19,195.7,576.0,99.9,34.5,16.0
2017-03-26,192.3,573.0,48.6,27.3,21.0
2017-04-02,193.7,587.0,19.599999999999998,31.5,14.0
2017-04-09,190.8,597.0,69.1,16.900000000000002,13.0
2017-04-16,202.3,544.0,34.3,46.2,14.0
2017-04-23,197.9,580.0,158.29999999999998,43.3,15.0
2017-04-30,201.7,548.0,20.299999999999997,47.3,14.0
2017-05-07,202.8,551.0,59.2,47.4,19.0
2017-05-14,201.6,526.0,0.4,51.5,20.0
2017-05-21,200.3,512.0,0.0,61.2,18.0
2017-05-28,198.5,522.0,0.2,65.7,20.0
2017-06-04,198.2,548.0,14.799999999999999,32.6,16.0
2017-06-11,199.0,539.0,1.9,50.900000000000006,20.0
2017-06-18,194.29999999999998,566.0,39.599999999999994,39.699999999999996,19.0
2017-06-25,193.0,549.0,6.8,43.9,22.0
2017-07-02,196.6,542.0,7.0,59.0,21.0
2017-07-09,194.6,524.0,0.0,60.300000000000004,16.0
2017-07-16,194.0,514.0,0.0,57.6,22.0
2017-07-23,190.5,532.0,29.3,58.9,22.0
2017-07-30,188.29999999999998,541.0,10.5,50.3,22.0
2017-08-06,187.8,510.0,0.0,60.8,19.0
2017-08-13,192.9,513.0,0.0,61.7,23.0
2017-08-20,189.2,507.0,0.0,58.8,22.0
2017-08-27,191.4,490.0,0.0,66.5,27.0
2017-09-03,193.1,484.0,0.0,62.8,29.0
2017-09-10,199.5,492.0,0.0,66.2,31.0
2017-09-17,196.4,493.0,0.0,55.5,26.0
2017-09-24,197.0,470.0,0.0,61.5,24.0
2017-10-01,204.5,511.0,0.3,46.9,25.0
2017-10-08,206.8,492.0,0.0,60.6,26.0
2017-10-15,211.9,472.0,0.0,62.8,26.0
2017-10-22,206.5,509.0,1.7,47.7,19.0
2017-10-29,208.8,500.0,81.3,44.7,20.0
2017-11-05,207.0,477.0,16.5,55.4,20.0
2017-11-12,207.5,510.0,0.0,43.8,19.0
2017-11-19,192.1,590.0,88.8,26.6,19.0
2017-11-26,190.6,607.0,110.4,22.1,15.0
2017-12-03,193.8,589.0,97.9,16.799999999999997,15.0
2017-12-10,200.5,569.0,43.9,46.2,20.0
2017-12-17,191.9,591.0,164.1,31.2,19.0
2017-12-24,197.20000000000002,537.0,189.6,23.6,24.0
2017-12-31,196.4,560.0,47.0,29.4,20.0
2018-01-07,195.1,585.0,122.2,34.4,13.0
2018-01-14,193.5,570.0,54.0,20.2,22.0
2018-01-21,194.3,560.0,61.300000000000004,10.4,24.0
2018-01-28,192.1,577.0,51.5,25.9,34.0
2018-02-04,191.4,575.0,77.1,32.9,31.0
2018-02-11,189.5,580.0,132.39999999999998,39.8,22.0
2018-02-18,194.4,558.0,111.89999999999999,41.1,32.0
2018-02-25,188.8,594.0,172.4,38.3,15.0
2018-03-04,192.2,598.0,56.699999999999996,35.7,13.0
2018-03-11,190.6,599.0,147.8,36.5,15.0
2018-03-18,191.2,588.0,129.5,31.5,16.0
2018-03-25,195.9,564.0,52.3,42.5,17.0
2018-04-01,194.7,575.0,90.9,42.2,18.0
2018-04-08,201.3,543.0,150.5,60.7,19.0
2018-04-15,206.1,525.0,9.3,61.7,23.0
2018-04-22,204.6,548.0,39.8,53.7,19.0
2018-04-29,202.3,538.0,55.9,51.6,17.0
2018-05-06,198.8,499.0,0.0,63.6,23.0
2018-05-13,200.9,524.0,0.0,63.7,22.0
2018-05-20,202.8,531.0,0.1,51.7,21.0
2018-05-27,205.1,528.0,0.0,49.099999999999994,24.0
2018-06-03,194.7,520.0,57.9,58.0,18.0
2018-06-10,197.5,547.0,20.2,58.699999999999996,20.0
2018-06-17,195.1,524.0,0.0,58.1,24.0
2018-06-24,195.7,542.0,55.6,48.7,25.0
2018-07-01,192.7,521.0,0.0,64.1,19.0
2018-07-08,185.9,524.0,0.0,60.3,19.0
2018-07-15,186.1,510.0,0.0,62.5,23.0
2018-07-22,187.8,526.0,0.0,64.3,22.0
2018-07-29,185.9,517.0,0.0,65.3,20.0
2018-08-05,183.6,496.0,0.0,62.9,20.0
2018-08-12,187.8,507.0,0.0,60.0,24.0
2018-08-19,185.4,495.0,0.0,63.4,26.0
2018-08-26,187.1,508.0,0.0,65.7,25.0
2018-09-02,191.9,520.0,0.0,58.5,25.0
2018-09-09,195.0,472.0,39.0,57.0,24.0
2018-09-16,193.8,459.0,0.0,61.5,24.0
2018-09-23,199.8,499.0,0.0,48.7,21.0
2018-09-30,197.9,470.0,0.0,63.2,28.0
2018-10-07,200.6,484.0,0.0,59.6,30.0
2018-10-14,202.5,468.0,0.0,61.9,23.0
2018-10-21,207.5,462.0,0.0,65.3,24.0
2018-10-28,211.3,464.0,0.0,65.3,22.0
2018-11-04,207.4,467.0,38.7,50.3,24.0
2018-11-11,206.1,528.0,27.0,36.2,16.0
2018-11-18,214.9,482.0,14.2,51.7,18.0
2018-11-25,206.5,505.0,19.5,57.6,20.0
2018-12-02,196.6,575.0,166.3,19.6,15.0
2018-12-09,204.8,544.0,78.4,43.8,18.0
2018-12-16,203.3,559.0,170.0,23.1,15.0
2018-12-23,200.6,552.0,192.1,26.099999999999998,12.0
2018-12-30,203.6,514.0,47.8,16.7,19.0
2019-01-06,198.4,557.0,46.3,26.0,22.0
2019-01-13,202.9,544.0,8.9,43.0,15.0
2019-01-20,193.4,592.0,187.2,39.2,19.0
2019-01-27,188.6,591.0,222.9,24.9,39.0
2019-02-03,190.7,587.0,200.7,25.3,22.0
2019-02-10,192.5,589.0,157.8,42.9,19.0
2019-02-17,197.6,566.0,82.0,34.6,15.0
2019-02-24,195.3,577.0,10.7,38.3,13.0
2019-03-03,200.5,568.0,126.7,42.7,19.0
2019-03-10,194.2,572.0,19.6,32.6,16.0
2019-03-17,192.1,578.0,73.0,33.9,17.0
2019-03-24,191.9,602.0,126.3,37.2,21.0
2019-03-31,197.1,580.0,8.8,31.0,13.0
2019-04-07,194.6,601.0,107.0,39.8,11.0
2019-04-14,195.0,602.0,139.3,30.4,11.0
2019-04-21,203.1,575.0,38.099999999999994,45.7,17.0
2019-04-28,203.8,552.0,2.4,62.6,21.0
2019-05-05,197.3,584.0,98.2,42.8,12.0
2019-05-12,199.9,542.0,1.5,60.1,14.0
2019-05-19,198.5,536.0,0.0,54.3,18.0
2019-05-26,199.4,522.0,0.0,67.2,16.0
2019-06-02,196.8,540.0,0.0,66.4,20.0
2019-06-09,194.7,554.0,0.0,50.3,19.0
2019-06-16,197.3,526.0,0.0,52.099999999999994,18.0
2019-06-23,184.4,530.0,0.0,66.0,20.0
2019-06-30,181.6,530.0,0.0,63.7,18.0
2019-07-07,189.0,542.0,0.8,60.0,20.0
2019-07-14,182.3,522.0,0.0,65.1,21.0
2019-07-21,187.1,513.0,0.0,52.7,17.0
2019-07-28,184.4,523.0,0.0,62.7,17.0
2019-08-04,183.6,514.0,0.0,65.5,20.0
2019-08-11,181.3,500.0,0.0,64.7,20.0
2019-08-18,189.6,512.0,0.0,67.0,25.0
2019-08-25,190.6,502.0,0.0,67.0,23.0
2019-09-01,186.0,514.0,0.0,64.1,22.0
2019-09-08,187.0,495.0,0.0,64.6,20.0
2019-09-15,189.0,479.0,0.0,65.6,25.0
2019-09-22,192.4,499.0,0.0,62.1,25.0
2019-09-29,196.7,507.0,0.0,66.2,24.0
2019-10-06,197.0,482.0,0.0,68.4,23.0
2019-10-13,201.6,482.0,0.0,65.7,22.0
2019-10-20,202.2,478.0,0.0,63.099999999999994,20.0
2019-10-27,203.6,470.0,0.0,68.1,24.0
2019-11-03,204.5,494.0,24.9,51.2,18.0
2019-11-10,213.5,450.0,0.0,66.4,18.0
2019-11-17,210.4,486.0,0.0,53.4,21.0
2019-11-24,213.3,460.0,0.0,68.4,19.0
2019-12-01,215.7,473.0,1.5,64.0,18.0
2019-12-08,215.2,495.0,31.5,52.9,17.0
2019-12-15,203.9,543.0,26.0,52.8,12.0
2019-12-22,205.9,541.0,49.50000000000001,37.6,14.0
2019-12-29,202.6,550.0,85.1,37.1,14.0
2020-01-05,197.4,571.0,41.3,25.4,24.0
2020-01-12,193.6,584.0,159.3,30.6,19.0
2020-01-19,203.2,558.0,27.7,44.800000000000004,19.0
2020-01-26,201.6,574.0,66.10000000000001,47.0,15.0
2020-02-02,195.0,590.0,242.2,36.9,16.0
2020-02-09,196.0,578.0,23.8,43.1,25.0
2020-02-16,194.1,612.0,55.800000000000004,24.1,12.0
2020-02-23,189.3,605.0,146.6,33.0,21.0
2020-03-01,196.4,596.0,157.3,38.2,23.0
2020-03-08,192.5,608.0,132.6,27.7,17.0
2020-03-15,201.4,568.0,37.4,40.2,13.0
2020-03-22,201.1,569.0,34.0,50.8,16.0
2020-03-29,193.8,603.0,76.9,42.6,13.0
2020-04-05,200.9,581.0,42.4,33.7,11.0
2020-04-12,194.70000000000002,592.0,44.1,43.9,15.0
2020-04-19,198.2,594.0,94.8,44.2,12.0
2020-04-26,206.1,555.0,92.5,51.3,22.0
2020-05-03,200.1,549.0,76.7,52.1,17.0
2020-05-10,202.7,572.0,73.7,54.7,22.0
2020-05-17,200.2,565.0,55.8,53.0,19.0
2020-05-24,197.8,595.0,13.3,40.2,12.0
2020-05-31,193.7,597.0,250.5,46.7,14.0
2020-06-07,194.2,574.0,6.5,38.2,20.0
2020-06-14,194.3,558.0,18.0,57.0,18.0
2020-06-21,196.6,560.0,19.5,49.5,20.0
2020-06-28,190.7,539.0,3.0,60.0,18.0
2020-07-05,191.1,546.0,0.0,66.7,18.0
2020-07-12,191.4,549.0,2.3,52.199999999999996,16.0
2020-07-19,196.4,530.0,0.0,52.2,22.0
2020-07-26,190.9,529.0,0.2,60.3,21.0
2020-08-02,182.9,520.0,0.4,64.8,19.0
2020-08-09,190.1,540.0,0.0,53.7,21.0
2020-08-16,196.8,555.0,29.0,58.3,22.0
2020-08-23,194.4,516.0,0.0,65.7,27.0
2020-08-30,192.0,516.0,0.0,60.9,25.0
2020-09-06,200.0,508.0,0.0,62.2,21.0
2020-09-13,199.9,486.0,0.0,63.3,26.0
2020-09-20,207.0,478.0,0.0,63.8,27.0
2020-09-27,208.6,476.0,0.0,63.699999999999996,28.0
2020-10-04,206.5,493.0,0.0,65.3,25.0
2020-10-11,203.9,494.0,0.0,46.1,21.0
2020-10-18,208.3,481.0,0.0,57.4,24.0
2020-10-25,203.2,532.0,40.8,37.5,19.0
2020-11-01,198.2,557.0,66.9,45.1,17.0
2020-11-08,203.1,541.0,65.8,41.9,17.0
2020-11-15,209.4,516.0,0.0,54.0,24.0
2020-11-22,210.5,514.0,16.6,61.5,21.0
2020-11-29,197.4,562.0,31.0,26.3,15.0
2020-12-06,190.0,608.0,160.2,17.8,13.0
2020-12-13,187.4,611.0,123.69999999999999,13.100000000000001,23.0
2020-12-20,188.2,600.0,164.8,21.2,15.0
2020-12-27,199.7,548.0,29.6,41.0,17.0
2021-01-03,187.1,626.0,230.6,18.0,16.0
2021-01-10,189.6,612.0,232.3,18.6,16.0
2021-01-17,194.4,576.0,23.8,10.9,16.0
2021-01-24,188.8,590.0,102.4,19.7,24.0
2021-01-31,184.9,600.0,158.3,20.1,29.0
2021-02-07,190.1,589.0,77.3,25.0,34.0
2021-02-14,192.3,594.0,102.5,30.4,21.0
2021-02-21,191.8,574.0,156.6,41.6,27.0
2021-02-28,190.0,596.0,105.2,22.9,21.0
2021-03-07,190.3,600.0,130.3,25.799999999999997,16.0
2021-03-14,189.4,587.0,12.9,36.8,19.0
2021-03-21,200.2,567.0,21.6,45.0,13.0
2021-03-28,199.8,579.0,116.9,48.5,15.0
2021-04-04,197.5,578.0,44.3,37.1,14.0
2021-04-11,197.9,569.0,39.3,33.7,19.0
2021-04-18,200.1,554.0,0.2,44.1,12.0
2021-04-25,198.7,509.0,21.2,64.3,15.0
2021-05-02,203.4,549.0,21.900000000000002,52.8,18.0
2021-05-09,205.9,542.0,4.0,48.7,19.0
2021-05-16,203.6,522.0,0.0,62.6,18.0
2021-05-23,200.6,545.0,3.4,54.0,15.0
2021-05-30,203.1,560.0,2.8,53.7,20.0
2021-06-06,203.2,552.0,2.3,55.4,21.0
2021-06-13,203.1,547.0,0.0,63.900000000000006,16.0
2021-06-20,192.6,593.0,3.5,43.300000000000004,13.0
2021-06-27,195.3,576.0,95.4,44.1,16.0
2021-07-04,193.3,561.0,55.1,47.3,15.0
2021-07-11,193.9,536.0,15.6,49.1,21.0
2021-07-18,190.1,530.0,0.0,52.9,17.0
2021-07-25,192.3,542.0,0.0,57.599999999999994,18.0
2021-08-01,160.79999999999998,454.0,0.0,58.0,15.0
